2025-03-12_08-01-01,22
2025-03-12_08-04-01,30
2025-03-12_08-07-01,36
2025-03-12_08-10-02,41
2025-03-12_08-13-01,46
2025-03-12_08-16-01,52
2025-03-12_08-19-02,55
2025-03-12_08-22-02,58
2025-03-12_08-25-01,59
2025-03-12_08-28-01,62
2025-03-12_08-31-01,65
2025-03-12_08-34-01,64
2025-03-12_08-37-02,70
2025-03-12_08-40-01,72
2025-03-12_08-43-02,75
2025-03-12_08-46-01,77
2025-03-12_08-49-01,80
2025-03-12_08-52-02,82
2025-03-12_08-55-01,83
2025-03-12_08-58-01,85
2025-03-12_09-01-01,83
2025-03-12_09-04-02,88
2025-03-12_09-07-01,93
2025-03-12_09-10-02,94
2025-03-12_09-13-01,94
2025-03-12_09-16-01,93
2025-03-12_09-19-02,90
2025-03-12_09-22-01,87
2025-03-12_09-25-02,87
2025-03-12_09-28-01,92
2025-03-12_09-31-02,88
2025-03-12_09-34-01,84
2025-03-12_09-37-01,81
2025-03-12_09-40-01,83
2025-03-12_09-43-01,84
2025-03-12_09-46-01,80
2025-03-12_09-49-01,79
2025-03-12_09-52-02,77
2025-03-12_09-55-01,81
2025-03-12_09-58-02,79
2025-03-12_10-01-02,83
2025-03-12_10-04-01,82
2025-03-12_10-07-02,83
2025-03-12_10-10-01,82
2025-03-12_10-13-02,83
2025-03-12_10-16-02,80
2025-03-12_10-19-01,80
2025-03-12_10-22-01,82
2025-03-12_10-25-02,77
2025-03-12_10-28-01,72
2025-03-12_10-31-02,71
2025-03-12_10-34-01,72
2025-03-12_10-37-01,72
2025-03-12_10-40-02,74
2025-03-12_10-43-01,75
2025-03-12_10-46-01,76
2025-03-12_10-49-01,75
2025-03-12_10-52-01,79
2025-03-12_10-55-02,81
2025-03-12_10-58-01,83
2025-03-12_11-01-01,82
2025-03-12_11-04-02,81
2025-03-12_11-07-02,79
2025-03-12_11-10-01,78
2025-03-12_11-13-02,77
2025-03-12_11-16-02,77
2025-03-12_11-19-01,74
2025-03-12_11-25-01,75
2025-03-12_11-28-01,80
2025-03-12_11-31-01,79
2025-03-12_11-34-02,79
2025-03-12_11-37-02,80
2025-03-12_11-40-01,79
2025-03-12_11-46-01,77
2025-03-12_11-49-02,75
2025-03-12_11-52-01,73
2025-03-12_11-55-02,74
2025-03-12_11-58-01,78
2025-03-12_12-01-01,80
2025-03-12_12-04-02,78
2025-03-12_12-07-01,76
2025-03-12_12-10-02,77
2025-03-12_12-13-02,72
2025-03-12_12-16-02,72
2025-03-12_12-19-01,71
2025-03-12_12-22-01,67
2025-03-12_12-25-02,68
2025-03-12_12-28-01,73
2025-03-12_12-31-02,71
2025-03-12_12-34-01,69
2025-03-12_12-37-02,69
2025-03-12_12-40-01,68
2025-03-12_12-43-02,70
2025-03-12_12-46-01,70
2025-03-12_12-49-02,71
2025-03-12_12-52-01,74
2025-03-12_12-55-01,75
2025-03-12_12-58-02,73
2025-03-12_13-01-02,73
2025-03-12_13-04-01,78
2025-03-12_13-07-02,77
2025-03-12_13-10-01,75
2025-03-12_13-13-01,73
2025-03-12_13-16-01,73
2025-03-12_13-19-01,73
2025-03-12_13-22-01,78
2025-03-12_13-25-01,78
2025-03-12_13-28-02,81
2025-03-12_13-31-02,77
2025-03-12_13-34-01,73
2025-03-12_13-37-02,73
2025-03-12_13-40-01,70
2025-03-12_13-43-01,71
2025-03-12_13-46-02,70
2025-03-12_13-49-01,66
2025-03-12_13-52-02,66
2025-03-12_13-55-01,70
2025-03-12_13-58-02,72
2025-03-12_14-01-01,69
2025-03-12_14-04-02,68
2025-03-12_14-07-01,69
2025-03-12_14-10-02,72
2025-03-12_14-13-02,70
2025-03-12_14-16-02,72
2025-03-12_14-19-01,77
2025-03-12_14-22-02,80
2025-03-12_14-25-01,82
2025-03-12_14-28-01,85
2025-03-12_14-31-01,85
2025-03-12_14-34-01,84
2025-03-12_14-37-02,86
2025-03-12_14-40-01,89
2025-03-12_14-43-01,95
2025-03-12_14-46-01,97
2025-03-12_14-49-01,97
2025-03-12_14-52-01,104
2025-03-12_14-55-01,103
2025-03-12_14-58-02,105
2025-03-12_15-01-01,112
2025-03-12_15-04-02,113
2025-03-12_15-07-02,112
2025-03-12_15-10-01,117
2025-03-12_15-13-01,112
2025-03-12_15-16-01,121
2025-03-12_15-19-02,126
2025-03-12_15-22-01,127
2025-03-12_15-25-01,128
2025-03-12_15-28-02,130
2025-03-12_15-31-01,136
2025-03-12_15-34-01,133
2025-03-12_15-37-02,135
2025-03-12_15-40-01,135
2025-03-12_15-43-01,129
2025-03-12_15-46-01,132
2025-03-12_15-49-01,131
2025-03-12_15-52-02,133
2025-03-12_15-55-01,125
2025-03-12_15-58-02,128
2025-03-12_16-01-02,127
2025-03-12_16-04-01,128
2025-03-12_16-07-01,131
2025-03-12_16-10-01,134
2025-03-12_16-13-01,127
2025-03-12_16-16-01,128
2025-03-12_16-19-01,121
2025-03-12_16-22-01,118
2025-03-12_16-25-02,117
2025-03-12_16-28-02,114
2025-03-12_16-31-01,114
2025-03-12_16-34-02,111
2025-03-12_16-37-01,99
2025-03-12_16-40-01,93
2025-03-12_16-43-02,87
2025-03-12_16-46-02,85
2025-03-12_16-49-01,82
2025-03-12_16-52-01,79
2025-03-12_16-55-02,75
2025-03-12_16-58-01,72
2025-03-13_06-34-01,35
2025-03-13_06-37-02,43
2025-03-13_06-40-01,45
2025-03-13_06-43-02,49
2025-03-13_06-46-01,52
2025-03-13_06-49-01,57
2025-03-13_06-52-02,60
2025-03-13_06-55-01,62
2025-03-13_06-58-01,65
2025-03-13_07-01-02,69
2025-03-13_07-04-01,72
2025-03-13_07-07-02,74
2025-03-13_07-10-01,77
2025-03-13_07-13-01,80
2025-03-13_07-16-01,82
2025-03-13_07-19-02,82
2025-03-13_07-22-02,82
2025-03-13_07-25-01,83
2025-03-13_07-28-02,86
2025-03-13_07-31-01,90
2025-03-13_07-34-02,89
2025-03-13_07-37-01,88
2025-03-13_07-40-01,85
2025-03-13_07-43-01,81
2025-03-13_07-46-01,82
2025-03-13_07-49-01,78
2025-03-13_07-52-02,75
2025-03-13_07-55-02,73
2025-03-13_07-58-01,74
2025-03-13_08-01-02,76
2025-03-13_08-04-01,76
2025-03-13_08-07-01,78
2025-03-13_08-10-01,80
2025-03-13_08-13-01,83
2025-03-13_08-16-02,80
2025-03-13_08-19-01,85
2025-03-13_08-22-01,88
2025-03-13_08-25-02,88
2025-03-13_08-28-01,84
2025-03-13_08-31-02,87
2025-03-13_08-34-01,90
2025-03-13_08-37-01,90
2025-03-13_08-40-02,89
2025-03-13_08-43-01,87
2025-03-13_08-46-01,90
2025-03-13_08-49-02,88
2025-03-13_08-52-01,85
2025-03-13_08-55-01,85
2025-03-13_08-58-01,83
2025-03-13_09-01-01,91
2025-03-13_09-04-02,88
2025-03-13_09-07-01,90
2025-03-13_09-10-01,93
2025-03-13_09-13-01,92
2025-03-13_09-16-01,91
2025-03-13_09-19-01,94
2025-03-13_09-22-02,91
2025-03-13_09-25-01,90
2025-03-13_09-28-02,89
2025-03-13_09-31-02,90
2025-03-13_09-34-01,89
2025-03-13_09-37-01,86
2025-03-13_09-40-02,88
2025-03-13_09-43-01,85
2025-03-13_09-46-01,89
2025-03-13_09-49-02,88
2025-03-13_09-52-01,92
2025-03-13_09-55-01,95
2025-03-13_09-58-01,96
2025-03-13_10-01-01,97
2025-03-13_10-04-01,98
2025-03-13_10-07-01,96
2025-03-13_10-10-01,98
2025-03-13_10-13-02,96
2025-03-13_10-16-02,95
2025-03-13_10-19-01,96
2025-03-13_10-22-01,98
2025-03-13_10-25-01,98
2025-03-13_10-28-01,99
2025-03-13_10-31-01,98
2025-03-13_10-34-02,96
2025-03-13_10-37-02,95
2025-03-13_10-40-01,95
2025-03-13_10-43-01,91
2025-03-13_10-46-02,95
2025-03-13_10-49-01,94
2025-03-13_10-52-01,96
2025-03-13_10-55-02,93
2025-03-13_10-58-01,87
2025-03-13_11-01-01,86
2025-03-13_11-04-01,82
2025-03-13_11-07-01,83
2025-03-13_11-10-02,82
2025-03-13_11-13-01,84
2025-03-13_11-16-01,85
2025-03-13_11-19-02,84
2025-03-13_11-22-01,86
2025-03-13_11-25-01,86
2025-03-13_11-28-01,86
2025-03-13_11-31-01,86
2025-03-13_11-34-02,85
2025-03-13_11-37-01,85
2025-03-13_11-40-01,84
2025-03-13_11-43-01,87
2025-03-13_11-46-01,83
2025-03-13_11-49-01,81
2025-03-13_11-52-02,83
2025-03-13_11-55-01,79
2025-03-13_11-58-01,83
2025-03-13_12-01-01,78
2025-03-13_12-04-02,77
2025-03-13_12-07-02,78
2025-03-13_12-10-01,76
2025-03-13_12-13-01,78
2025-03-13_12-16-01,83
2025-03-13_12-19-01,86
2025-03-13_12-22-02,86
2025-03-13_12-25-01,84
2025-03-13_12-28-01,82
2025-03-13_12-31-02,79
2025-03-13_12-34-01,77
2025-03-13_12-37-02,76
2025-03-13_12-40-01,75
2025-03-13_12-43-01,76
2025-03-13_12-46-01,77
2025-03-13_12-49-01,76
2025-03-13_12-52-01,79
2025-03-13_12-55-01,77
2025-03-13_12-58-02,77
2025-03-13_13-01-02,81
2025-03-13_13-04-01,79
2025-03-13_13-07-01,79
2025-03-13_13-10-01,76
2025-03-13_13-13-01,79
2025-03-13_13-16-01,81
2025-03-13_13-19-02,81
2025-03-13_13-22-02,82
2025-03-13_13-25-01,84
2025-03-13_13-28-02,84
2025-03-13_13-31-01,82
2025-03-13_13-34-02,81
2025-03-13_13-37-02,82
2025-03-13_13-40-02,79
2025-03-13_13-43-02,76
2025-03-13_13-46-02,75
2025-03-13_13-49-01,76
2025-03-13_13-52-01,74
2025-03-13_13-55-01,73
2025-03-13_13-58-01,72
2025-03-13_14-01-02,72
2025-03-13_14-04-01,74
2025-03-13_14-07-01,73
2025-03-13_14-10-01,70
2025-03-13_14-13-01,70
2025-03-13_14-16-01,70
2025-03-13_14-19-01,66
2025-03-13_14-22-01,64
2025-03-13_14-25-02,66
2025-03-13_14-28-01,64
2025-03-13_14-31-01,64
2025-03-13_14-34-01,63
2025-03-13_14-37-01,66
2025-03-13_14-40-01,69
2025-03-13_14-43-01,71
2025-03-13_14-46-02,69
2025-03-13_14-49-01,69
2025-03-13_14-52-01,65
2025-03-13_14-55-02,66
2025-03-13_14-58-01,67
2025-03-13_15-01-02,62
2025-03-13_15-04-01,61
2025-03-13_15-07-01,63
2025-03-13_15-10-01,62
2025-03-13_15-13-02,66
2025-03-13_15-16-01,69
2025-03-13_15-19-01,70
2025-03-13_15-22-02,74
2025-03-13_15-25-01,77
2025-03-13_15-28-02,83
2025-03-13_15-31-02,84
2025-03-13_15-34-01,85
2025-03-13_15-37-01,86
2025-03-13_15-40-01,85
2025-03-13_15-43-02,87
2025-03-13_15-46-01,93
2025-03-13_15-49-01,96
2025-03-13_15-52-01,106
2025-03-13_15-55-02,109
2025-03-13_15-58-01,108
2025-03-13_16-01-01,117
2025-03-13_16-04-01,126
2025-03-13_16-07-01,135
2025-03-13_16-10-02,135
2025-03-13_16-13-01,139
2025-03-13_16-16-01,149
2025-03-13_16-19-01,153
2025-03-13_16-22-01,157
2025-03-13_16-25-02,157
2025-03-13_16-28-01,162
2025-03-13_16-31-01,162
2025-03-13_16-34-01,167
2025-03-13_16-37-01,165
2025-03-13_16-40-02,169
2025-03-13_16-43-02,175
2025-03-13_16-46-01,181
2025-03-13_16-49-01,192
2025-03-13_16-52-01,194
2025-03-13_16-55-02,199
2025-03-13_16-58-01,203
2025-03-13_17-01-01,202
2025-03-13_17-04-01,204
2025-03-13_17-07-02,211
2025-03-13_17-10-01,215
2025-03-13_17-13-01,207
2025-03-13_17-16-02,203
2025-03-13_17-19-01,199
2025-03-13_17-22-01,196
2025-03-13_17-25-02,187
2025-03-13_17-28-01,179
2025-03-13_17-31-01,175
2025-03-13_17-34-01,171
2025-03-13_17-37-02,164
2025-03-13_17-40-01,167
2025-03-13_17-43-01,171
2025-03-13_17-46-01,170
2025-03-13_17-49-01,176
2025-03-13_17-52-01,181
2025-03-13_17-55-02,179
2025-03-13_17-58-01,182
2025-03-13_18-01-02,179
2025-03-13_18-04-02,173
2025-03-13_18-07-01,167
2025-03-13_18-10-01,163
2025-03-13_18-13-02,163
2025-03-13_18-16-02,161
2025-03-13_18-19-02,153
2025-03-13_18-22-02,149
2025-03-13_18-25-02,147
2025-03-13_18-28-02,147
2025-03-13_18-31-01,150
2025-03-13_18-34-02,154
2025-03-13_18-37-02,156
2025-03-13_18-40-02,153
2025-03-13_18-43-01,156
2025-03-13_18-46-01,154
2025-03-13_18-49-02,156
2025-03-13_18-52-01,161
2025-03-13_18-55-02,160
2025-03-13_18-58-02,160
2025-03-13_19-01-03,155
2025-03-13_19-04-01,155
2025-03-13_19-07-01,157
2025-03-13_19-10-02,145
2025-03-13_19-13-01,144
2025-03-13_19-16-02,136
2025-03-13_19-19-02,132
2025-03-13_19-22-01,130
2025-03-13_19-25-01,119
2025-03-13_19-28-02,120
2025-03-13_19-31-02,111
2025-03-13_19-34-01,109
2025-03-13_19-37-01,110
2025-03-13_19-40-02,111
2025-03-13_19-43-01,111
2025-03-13_19-46-01,114
2025-03-13_19-49-02,117
2025-03-13_19-52-01,118
2025-03-13_19-55-02,123
2025-03-13_19-58-01,128
2025-03-13_20-01-01,128
2025-03-13_20-04-01,128
2025-03-13_20-07-01,125
2025-03-13_20-10-01,126
2025-03-13_20-13-01,124
2025-03-13_20-16-02,121
2025-03-13_20-19-01,122
2025-03-13_20-22-01,116
2025-03-13_20-25-02,111
2025-03-13_20-28-01,110
2025-03-13_20-31-02,108
2025-03-13_20-34-01,103
2025-03-13_20-37-01,100
2025-03-13_20-40-01,97
2025-03-13_20-43-01,94
2025-03-13_20-46-01,88
2025-03-13_20-49-02,82
2025-03-13_20-52-02,78
2025-03-13_20-55-01,72
2025-03-13_20-58-02,69
2025-03-14_08-01-01,25
2025-03-14_08-04-02,39
2025-03-14_08-07-01,45
2025-03-14_08-10-01,49
2025-03-14_08-13-02,53
2025-03-14_08-16-01,57
2025-03-14_08-19-01,63
2025-03-14_08-22-01,66
2025-03-14_08-25-02,67
2025-03-14_08-28-01,71
2025-03-14_08-31-02,75
2025-03-14_08-34-02,75
2025-03-14_08-37-01,77
2025-03-14_08-40-01,80
2025-03-14_08-43-01,82
2025-03-14_08-46-01,82
2025-03-14_08-49-01,86
2025-03-14_08-52-01,85
2025-03-14_08-55-02,114
2025-03-14_08-58-01,117
2025-03-14_09-01-01,117
2025-03-14_09-04-02,117
2025-03-14_09-07-01,118
2025-03-14_09-10-01,117
2025-03-14_09-13-02,117
2025-03-14_09-16-01,117
2025-03-14_09-19-02,115
2025-03-14_09-22-01,110
2025-03-14_09-25-02,111
2025-03-14_09-28-02,109
2025-03-14_09-31-01,108
2025-03-14_09-34-01,107
2025-03-14_09-37-02,103
2025-03-14_09-40-01,104
2025-03-14_09-43-02,104
2025-03-14_09-46-01,100
2025-03-14_09-49-02,96
2025-03-14_09-52-02,96
2025-03-14_09-55-01,93
2025-03-14_09-58-01,94
2025-03-14_10-01-01,94
2025-03-14_10-04-01,94
2025-03-14_10-07-02,95
2025-03-14_10-10-01,95
2025-03-14_10-13-01,93
2025-03-14_10-16-01,92
2025-03-14_10-19-01,94
2025-03-14_10-22-01,95
2025-03-14_10-25-02,96
2025-03-14_10-28-01,95
2025-03-14_10-31-01,97
2025-03-14_10-34-02,98
2025-03-14_10-37-01,98
2025-03-14_10-40-01,104
2025-03-14_10-43-02,103
2025-03-14_10-46-01,105
2025-03-14_10-49-01,103
2025-03-14_10-52-01,105
2025-03-14_10-55-02,110
2025-03-14_10-58-01,111
2025-03-14_11-01-02,111
2025-03-14_11-04-02,113
2025-03-14_11-07-01,115
2025-03-14_11-10-02,116
2025-03-14_11-13-01,116
2025-03-14_11-16-01,117
2025-03-14_11-19-01,119
2025-03-14_11-22-02,116
2025-03-14_11-25-01,115
2025-03-14_11-28-02,113
2025-03-14_11-31-01,115
2025-03-14_11-34-02,92
2025-03-14_11-37-01,92
2025-03-14_11-40-01,90
2025-03-14_11-43-01,91
2025-03-14_11-46-01,94
2025-03-14_11-49-01,93
2025-03-14_11-52-02,95
2025-03-14_11-55-01,94
2025-03-14_11-58-02,97
2025-03-14_12-01-01,94
2025-03-14_12-04-01,95
2025-03-14_12-07-02,90
2025-03-14_12-10-01,86
2025-03-14_12-13-02,84
2025-03-14_12-16-02,82
2025-03-14_12-19-01,79
2025-03-14_12-22-02,77
2025-03-14_12-25-01,79
2025-03-14_12-28-01,77
2025-03-14_12-31-01,74
2025-03-14_12-34-01,73
2025-03-14_12-37-01,76
2025-03-14_12-40-01,76
2025-03-14_12-43-02,74
2025-03-14_12-46-01,68
2025-03-14_12-49-01,69
2025-03-14_12-52-01,64
2025-03-14_12-55-01,64
2025-03-14_12-58-02,63
2025-03-14_13-01-01,66
2025-03-14_13-04-01,64
2025-03-14_13-07-02,67
2025-03-14_13-10-01,67
2025-03-14_13-13-01,68
2025-03-14_13-16-01,68
2025-03-14_13-19-02,70
2025-03-14_13-22-02,74
2025-03-14_13-25-02,75
2025-03-14_13-28-01,77
2025-03-14_13-31-02,79
2025-03-14_13-34-01,82
2025-03-14_13-37-01,96
2025-03-14_13-40-01,97
2025-03-14_13-43-02,100
2025-03-14_13-46-01,113
2025-03-14_13-49-01,113
2025-03-14_13-52-01,116
2025-03-14_13-55-01,118
2025-03-14_13-58-02,118
2025-03-14_14-01-02,119
2025-03-14_14-04-01,121
2025-03-14_14-07-02,118
2025-03-14_14-10-01,119
2025-03-14_14-13-02,120
2025-03-14_14-16-01,119
2025-03-14_14-19-02,119
2025-03-14_14-22-01,120
2025-03-14_14-25-01,123
2025-03-14_14-28-01,122
2025-03-14_14-31-02,129
2025-03-14_14-34-01,130
2025-03-14_14-37-02,129
2025-03-14_14-40-01,127
2025-03-14_14-43-02,132
2025-03-14_14-46-02,137
2025-03-14_14-49-01,136
2025-03-14_14-52-02,138
2025-03-14_14-55-02,138
2025-03-14_14-58-01,133
2025-03-14_15-01-01,135
2025-03-14_15-04-02,134
2025-03-14_15-07-01,138
2025-03-14_15-10-02,139
2025-03-14_15-13-01,143
2025-03-14_15-16-01,145
2025-03-14_15-19-02,156
2025-03-14_15-22-01,161
2025-03-14_15-25-02,156
2025-03-14_15-28-01,167
2025-03-14_15-31-01,169
2025-03-14_15-34-02,169
2025-03-14_15-37-01,168
2025-03-14_15-40-01,172
2025-03-14_15-43-01,174
2025-03-14_15-46-01,184
2025-03-14_15-49-01,189
2025-03-14_15-52-02,192
2025-03-14_15-55-01,202
2025-03-14_15-58-02,200
2025-03-14_16-01-02,207
2025-03-14_16-04-01,210
2025-03-14_16-07-01,214
2025-03-14_16-10-01,213
2025-03-14_16-13-02,217
2025-03-14_16-16-01,219
2025-03-14_16-19-01,222
2025-03-14_16-22-01,229
2025-03-14_16-25-02,229
2025-03-14_16-28-01,229
2025-03-14_16-31-01,236
2025-03-14_16-34-01,231
2025-03-14_16-37-01,229
2025-03-14_16-40-01,235
2025-03-14_16-43-01,239
2025-03-14_16-46-02,239
2025-03-14_16-49-01,246
2025-03-14_16-52-02,249
2025-03-14_16-55-01,247
2025-03-14_16-58-01,244
2025-03-14_17-01-01,243
2025-03-14_17-04-01,241
2025-03-14_17-07-01,239
2025-03-14_17-10-01,243
2025-03-14_17-13-01,231
2025-03-14_17-16-01,224
2025-03-14_17-19-01,206
2025-03-14_17-22-01,202
2025-03-14_17-25-01,198
2025-03-14_17-28-01,196
2025-03-14_17-31-01,198
2025-03-14_17-34-01,194
2025-03-14_17-37-02,194
2025-03-14_17-40-01,190
2025-03-14_17-43-02,191
2025-03-14_17-46-01,184
2025-03-14_17-49-02,186
2025-03-14_17-52-01,185
2025-03-14_17-55-01,189
2025-03-14_17-58-01,193
2025-03-14_18-01-01,194
2025-03-14_18-04-02,193
2025-03-14_18-07-02,183
2025-03-14_18-10-02,176
2025-03-14_18-13-01,172
2025-03-14_18-16-01,157
2025-03-14_18-19-02,158
2025-03-14_18-22-01,149
2025-03-14_18-25-02,142
2025-03-14_18-28-01,140
2025-03-14_18-31-01,136
2025-03-14_18-34-01,136
2025-03-14_18-37-01,141
2025-03-14_18-40-01,144
2025-03-14_18-43-02,145
2025-03-14_18-46-02,151
2025-03-14_18-49-01,146
2025-03-14_18-52-02,146
2025-03-14_18-55-01,150
2025-03-14_18-58-01,152
2025-03-14_19-01-01,154
2025-03-14_19-04-01,153
2025-03-14_19-07-01,147
2025-03-14_19-10-02,148
2025-03-14_19-13-01,147
2025-03-14_19-16-01,139
2025-03-14_19-19-02,130
2025-03-14_19-22-02,129
2025-03-14_19-25-01,122
2025-03-14_19-28-02,112
2025-03-14_19-31-01,112
2025-03-14_19-34-02,113
2025-03-14_19-37-02,113
2025-03-14_19-40-01,112
2025-03-14_19-43-01,112
2025-03-14_19-46-01,110
2025-03-14_19-49-02,108
2025-03-14_19-52-02,113
2025-03-14_19-55-01,122
2025-03-14_19-58-01,121
2025-03-14_20-01-01,121
2025-03-14_20-04-01,118
2025-03-14_20-07-01,115
2025-03-14_20-10-01,118
2025-03-14_20-13-01,110
2025-03-14_20-16-01,110
2025-03-14_20-19-02,109
2025-03-14_20-22-01,103
2025-03-14_20-25-01,98
2025-03-14_20-28-01,94
2025-03-14_20-31-01,90
2025-03-14_20-34-02,88
2025-03-14_20-37-01,84
2025-03-14_20-40-02,80
2025-03-14_20-43-01,77
2025-03-14_20-46-01,73
2025-03-14_20-49-01,71
2025-03-14_20-52-01,68
2025-03-14_20-55-02,63
2025-03-14_20-58-01,61
2025-03-15_07-01-01,15
2025-03-15_07-04-01,32
2025-03-15_07-07-02,37
2025-03-15_07-10-01,39
2025-03-15_07-13-02,44
2025-03-15_07-16-02,47
2025-03-15_07-19-01,49
2025-03-15_07-22-01,55
2025-03-15_07-25-02,56
2025-03-15_07-28-01,57
2025-03-15_07-31-01,63
2025-03-15_07-34-02,64
2025-03-15_07-37-02,69
2025-03-15_07-40-01,71
2025-03-15_07-43-02,75
2025-03-15_07-46-02,79
2025-03-15_07-49-01,82
2025-03-15_07-52-01,92
2025-03-15_07-55-01,91
2025-03-15_07-58-01,91
2025-03-15_08-01-01,94
2025-03-15_08-04-01,97
2025-03-15_08-07-02,97
2025-03-15_08-10-01,101
2025-03-15_08-13-02,102
2025-03-15_08-16-02,104
2025-03-15_08-19-01,102
2025-03-15_08-22-01,101
2025-03-15_08-25-01,104
2025-03-15_08-28-01,100
2025-03-15_08-31-02,100
2025-03-15_08-34-01,102
2025-03-15_08-37-01,104
2025-03-15_08-40-02,107
2025-03-15_08-43-01,116
2025-03-15_08-46-01,124
2025-03-15_08-49-02,132
2025-03-15_08-52-01,134
2025-03-15_08-55-01,135
2025-03-15_08-58-01,135
2025-03-15_09-01-01,138
2025-03-15_09-04-01,139
2025-03-15_09-07-01,140
2025-03-15_09-10-02,143
2025-03-15_09-13-01,143
2025-03-15_09-16-01,143
2025-03-15_09-19-02,149
2025-03-15_09-22-01,143
2025-03-15_09-25-01,143
2025-03-15_09-28-01,152
2025-03-15_09-31-02,160
2025-03-15_09-34-01,158
2025-03-15_09-37-01,163
2025-03-15_09-40-02,162
2025-03-15_09-43-01,166
2025-03-15_09-46-01,166
2025-03-15_09-49-01,170
2025-03-15_09-52-01,161
2025-03-15_09-55-01,162
2025-03-15_09-58-01,158
2025-03-15_10-01-01,159
2025-03-15_10-04-02,162
2025-03-15_10-07-01,165
2025-03-15_10-10-02,170
2025-03-15_10-13-01,170
2025-03-15_10-16-02,171
2025-03-15_10-19-01,176
2025-03-15_10-22-01,180
2025-03-15_10-25-01,174
2025-03-15_10-28-01,172
2025-03-15_10-31-02,167
2025-03-15_10-34-01,167
2025-03-15_10-37-01,176
2025-03-15_10-40-01,174
2025-03-15_10-43-02,174
2025-03-15_10-46-01,180
2025-03-15_10-49-01,179
2025-03-15_10-52-02,179
2025-03-15_10-55-01,174
2025-03-15_10-58-01,174
2025-03-15_11-01-01,173
2025-03-15_11-04-01,177
2025-03-15_11-07-01,174
2025-03-15_11-10-01,180
2025-03-15_11-13-02,194
2025-03-15_11-16-01,200
2025-03-15_11-19-02,203
2025-03-15_11-22-01,208
2025-03-15_11-25-02,212
2025-03-15_11-28-01,218
2025-03-15_11-31-01,221
2025-03-15_11-34-02,224
2025-03-15_11-37-02,222
2025-03-15_11-40-01,215
2025-03-15_11-43-01,213
2025-03-15_11-46-01,216
2025-03-15_11-49-01,213
2025-03-15_11-52-01,218
2025-03-15_11-55-01,215
2025-03-15_11-58-02,213
2025-03-15_12-01-01,208
2025-03-15_12-04-02,218
2025-03-15_12-07-01,218
2025-03-15_12-10-01,230
2025-03-15_12-13-01,237
2025-03-15_12-16-01,234
2025-03-15_12-19-01,244
2025-03-15_12-22-01,246
2025-03-15_12-25-01,242
2025-03-15_12-28-02,236
2025-03-15_12-31-01,232
2025-03-15_12-34-02,227
2025-03-15_12-37-01,225
2025-03-15_12-40-01,227
2025-03-15_12-43-01,227
2025-03-15_12-46-01,225
2025-03-15_12-49-02,221
2025-03-15_12-52-02,221
2025-03-15_12-55-01,224
2025-03-15_12-58-01,220
2025-03-15_13-01-02,219
2025-03-15_13-04-01,216
2025-03-15_13-07-01,209
2025-03-15_13-10-01,213
2025-03-15_13-13-01,207
2025-03-15_13-16-02,197
2025-03-15_13-19-02,190
2025-03-15_13-22-02,181
2025-03-15_13-25-01,179
2025-03-15_13-28-01,178
2025-03-15_13-31-01,170
2025-03-15_13-34-01,164
2025-03-15_13-37-01,161
2025-03-15_13-40-02,146
2025-03-15_13-43-02,144
2025-03-15_13-46-02,144
2025-03-15_13-49-01,145
2025-03-15_13-52-02,149
2025-03-15_13-55-01,145
2025-03-15_13-58-01,150
2025-03-15_14-01-01,151
2025-03-15_14-04-02,146
2025-03-15_14-07-01,152
2025-03-15_14-10-02,158
2025-03-15_14-13-01,157
2025-03-15_14-16-01,150
2025-03-15_14-19-02,151
2025-03-15_14-22-02,142
2025-03-15_14-25-01,143
2025-03-15_14-28-01,140
2025-03-15_14-31-01,142
2025-03-15_14-34-02,148
2025-03-15_14-37-01,146
2025-03-15_14-40-01,144
2025-03-15_14-43-01,141
2025-03-15_14-46-01,141
2025-03-15_14-49-02,146
2025-03-15_14-52-01,146
2025-03-15_14-55-01,146
2025-03-15_14-58-02,147
2025-03-15_15-01-01,151
2025-03-15_15-04-02,149
2025-03-15_15-07-02,146
2025-03-15_15-10-01,138
2025-03-15_15-13-01,137
2025-03-15_15-16-01,138
2025-03-15_15-19-01,140
2025-03-15_15-22-02,143
2025-03-15_15-25-01,140
2025-03-15_15-28-01,134
2025-03-15_15-31-01,130
2025-03-15_15-34-02,126
2025-03-15_15-37-01,123
2025-03-15_15-40-01,121
2025-03-15_15-43-02,123
2025-03-15_15-46-01,122
2025-03-15_15-49-01,120
2025-03-15_15-52-02,121
2025-03-15_15-55-01,121
2025-03-15_15-58-02,121
2025-03-15_16-01-01,123
2025-03-15_16-04-01,128
2025-03-15_16-07-01,125
2025-03-15_16-10-02,129
2025-03-15_16-13-01,128
2025-03-15_16-16-02,131
2025-03-15_16-19-01,128
2025-03-15_16-22-01,127
2025-03-15_16-25-02,130
2025-03-15_16-28-01,129
2025-03-15_16-31-01,125
2025-03-15_16-34-01,125
2025-03-15_16-37-01,129
2025-03-15_16-40-01,123
2025-03-15_16-43-02,124
2025-03-15_16-46-01,126
2025-03-15_16-49-01,128
2025-03-15_16-52-02,128
2025-03-15_16-55-01,136
2025-03-15_16-58-01,142
2025-03-15_17-01-01,149
2025-03-15_17-04-02,152
2025-03-15_17-07-01,155
2025-03-15_17-10-02,158
2025-03-15_17-13-02,154
2025-03-15_17-16-01,153
2025-03-15_17-19-01,155
2025-03-15_17-22-01,152
2025-03-15_17-25-01,157
2025-03-15_17-28-01,154
2025-03-15_17-31-02,150
2025-03-15_17-34-01,149
2025-03-15_17-37-01,147
2025-03-15_17-40-01,143
2025-03-15_17-43-01,141
2025-03-15_17-46-02,143
2025-03-15_17-49-01,139
2025-03-15_17-52-02,139
2025-03-15_17-55-01,140
2025-03-15_17-58-01,140
2025-03-15_18-01-01,140
2025-03-15_18-04-02,148
2025-03-15_18-07-01,147
2025-03-15_18-10-02,148
2025-03-15_18-13-02,145
2025-03-15_18-16-01,141
2025-03-15_18-19-02,137
2025-03-15_18-22-01,137
2025-03-15_18-25-02,129
2025-03-15_18-28-01,123
2025-03-15_18-31-01,123
2025-03-15_18-34-02,121
2025-03-15_18-37-01,115
2025-03-15_18-40-01,115
2025-03-15_18-43-01,117
2025-03-15_18-46-01,116
2025-03-15_18-49-01,115
2025-03-15_18-52-01,116
2025-03-15_18-55-01,117
2025-03-15_18-58-02,114
2025-03-15_19-01-01,115
2025-03-15_19-04-01,115
2025-03-15_19-07-02,116
2025-03-15_19-10-01,116
2025-03-15_19-13-01,119
2025-03-15_19-16-01,117
2025-03-15_19-19-01,115
2025-03-15_19-22-01,111
2025-03-15_19-25-02,109
2025-03-15_19-28-01,106
2025-03-15_19-31-02,105
2025-03-15_19-34-01,105
2025-03-15_19-37-01,100
2025-03-15_19-40-02,102
2025-03-15_19-43-01,100
2025-03-15_19-46-01,98
2025-03-15_19-49-02,101
2025-03-15_19-52-01,100
2025-03-15_19-55-01,100
2025-03-15_19-58-02,102
2025-03-15_20-01-01,100
2025-03-15_20-04-02,100
2025-03-15_20-07-02,100
2025-03-15_20-10-01,98
2025-03-15_20-13-01,96
2025-03-15_20-16-01,94
2025-03-15_20-19-01,95
2025-03-15_20-22-01,89
2025-03-15_20-25-01,82
2025-03-15_20-28-01,80
2025-03-15_20-31-02,78
2025-03-15_20-34-01,75
2025-03-15_20-37-01,72
2025-03-15_20-40-01,72
2025-03-15_20-43-02,68
2025-03-15_20-46-01,65
2025-03-15_20-49-02,64
2025-03-15_20-52-01,62
2025-03-15_20-55-01,60
2025-03-15_20-58-01,58
2025-03-16_07-01-01,21
2025-03-16_07-04-01,27
2025-03-16_07-07-01,30
2025-03-16_07-10-02,35
2025-03-16_07-13-01,38
2025-03-16_07-16-01,41
2025-03-16_07-19-01,46
2025-03-16_07-22-01,47
2025-03-16_07-25-02,50
2025-03-16_07-28-02,52
2025-03-16_07-31-01,53
2025-03-16_07-34-01,56
2025-03-16_07-37-01,57
2025-03-16_07-40-01,58
2025-03-16_07-43-02,61
2025-03-16_07-46-02,60
2025-03-16_07-49-01,63
2025-03-16_07-52-01,66
2025-03-16_07-55-01,66
2025-03-16_07-58-02,72
2025-03-16_08-01-01,76
2025-03-16_08-04-02,80
2025-03-16_08-07-01,82
2025-03-16_08-10-01,82
2025-03-16_08-13-02,83
2025-03-16_08-16-01,84
2025-03-16_08-19-01,86
2025-03-16_08-22-02,84
2025-03-16_08-25-01,86
2025-03-16_08-28-02,84
2025-03-16_08-31-01,81
2025-03-16_08-34-02,83
2025-03-16_08-37-02,81
2025-03-16_08-40-01,81
2025-03-16_08-43-02,82
2025-03-16_08-46-01,87
2025-03-16_08-49-02,90
2025-03-16_08-52-02,89
2025-03-16_08-55-01,94
2025-03-16_08-58-01,95
2025-03-16_09-01-01,98
2025-03-16_09-04-02,97
2025-03-16_09-07-01,95
2025-03-16_09-10-01,96
2025-03-16_09-13-01,98
2025-03-16_09-16-01,100
2025-03-16_09-19-02,106
2025-03-16_09-22-02,109
2025-03-16_09-25-01,116
2025-03-16_09-28-01,108
2025-03-16_09-31-02,108
2025-03-16_09-34-01,109
2025-03-16_09-37-02,110
2025-03-16_09-40-01,108
2025-03-16_09-43-01,109
2025-03-16_09-46-01,113
2025-03-16_09-49-01,115
2025-03-16_09-52-02,113
2025-03-16_09-55-01,111
2025-03-16_09-58-01,110
2025-03-16_10-01-01,111
2025-03-16_10-04-02,104
2025-03-16_10-07-01,107
2025-03-16_10-10-02,109
2025-03-16_10-13-02,114
2025-03-16_10-16-02,120
2025-03-16_10-19-01,118
2025-03-16_10-22-02,120
2025-03-16_10-25-01,120
2025-03-16_10-28-01,123
2025-03-16_10-31-01,122
2025-03-16_10-34-02,127
2025-03-16_10-37-01,127
2025-03-16_10-40-02,124
2025-03-16_10-43-02,129
2025-03-16_10-46-02,129
2025-03-16_10-49-01,125
2025-03-16_10-52-01,128
2025-03-16_10-55-01,125
2025-03-16_10-58-01,129
2025-03-16_11-01-01,132
2025-03-16_11-04-01,131
2025-03-16_11-07-01,133
2025-03-16_11-10-02,139
2025-03-16_11-13-01,138
2025-03-16_11-16-01,139
2025-03-16_11-19-01,143
2025-03-16_11-22-02,142
2025-03-16_11-25-01,139
2025-03-16_11-28-02,140
2025-03-16_11-31-02,140
2025-03-16_11-34-01,141
2025-03-16_11-37-01,146
2025-03-16_11-40-01,143
2025-03-16_11-43-01,145
2025-03-16_11-46-01,146
2025-03-16_11-49-01,145
2025-03-16_11-52-01,141
2025-03-16_11-55-02,142
2025-03-16_11-58-01,143
2025-03-16_12-01-02,142
2025-03-16_12-04-01,145
2025-03-16_12-07-02,146
2025-03-16_12-10-01,144
2025-03-16_12-13-01,142
2025-03-16_12-16-01,144
2025-03-16_12-19-02,140
2025-03-16_12-22-01,136
2025-03-16_12-25-02,130
2025-03-16_12-28-01,131
2025-03-16_12-31-02,135
2025-03-16_12-34-01,134
2025-03-16_12-37-02,137
2025-03-16_12-40-01,135
2025-03-16_12-43-01,134
2025-03-16_12-46-02,134
2025-03-16_12-49-01,130
2025-03-16_12-52-01,133
2025-03-16_12-55-02,126
2025-03-16_12-58-01,129
2025-03-16_13-01-01,128
2025-03-16_13-04-02,138
2025-03-16_13-07-01,137
2025-03-16_13-10-01,139
2025-03-16_13-13-01,142
2025-03-16_13-16-02,138
2025-03-16_13-19-01,139
2025-03-16_13-22-02,138
2025-03-16_13-25-01,139
2025-03-16_13-28-02,133
2025-03-16_13-31-02,133
2025-03-16_13-34-01,130
2025-03-16_13-37-01,131
2025-03-16_13-40-02,133
2025-03-16_13-43-01,129
2025-03-16_13-46-01,130
2025-03-16_13-49-02,132
2025-03-16_13-52-02,129
2025-03-16_13-55-01,124
2025-03-16_13-58-01,124
2025-03-16_14-01-01,122
2025-03-16_14-04-02,121
2025-03-16_14-07-01,128
2025-03-16_14-10-01,127
2025-03-16_14-13-01,124
2025-03-16_14-16-01,124
2025-03-16_14-19-01,127
2025-03-16_14-22-01,129
2025-03-16_14-25-02,130
2025-03-16_14-28-01,133
2025-03-16_14-31-01,128
2025-03-16_14-34-01,128
2025-03-16_14-37-01,126
2025-03-16_14-40-02,121
2025-03-16_14-43-01,123
2025-03-16_14-46-01,115
2025-03-16_14-49-02,107
2025-03-16_14-52-01,107
2025-03-16_14-55-01,117
2025-03-16_14-58-01,119
2025-03-16_15-01-02,115
2025-03-16_15-04-01,115
2025-03-16_15-07-01,113
2025-03-16_15-10-01,118
2025-03-16_15-13-01,117
2025-03-16_15-16-01,126
2025-03-16_15-19-01,128
2025-03-16_15-22-01,129
2025-03-16_15-25-02,130
2025-03-16_15-28-01,134
2025-03-16_15-31-02,130
2025-03-16_15-34-01,128
2025-03-16_15-37-02,127
2025-03-16_15-40-01,126
2025-03-16_15-43-01,125
2025-03-16_15-46-01,124
2025-03-16_15-49-01,123
2025-03-16_15-52-02,128
2025-03-16_15-55-01,130
2025-03-16_15-58-02,130
2025-03-16_16-01-02,130
2025-03-16_16-04-01,132
2025-03-16_16-07-02,134
2025-03-16_16-10-02,129
2025-03-16_16-13-01,131
2025-03-16_16-16-02,134
2025-03-16_16-19-02,130
2025-03-16_16-22-01,133
2025-03-16_16-25-01,133
2025-03-16_16-28-02,135
2025-03-16_16-31-01,134
2025-03-16_16-34-01,133
2025-03-16_16-37-01,138
2025-03-16_16-40-02,136
2025-03-16_16-43-01,135
2025-03-16_16-46-01,134
2025-03-16_16-49-01,132
2025-03-16_16-52-01,133
2025-03-16_16-55-02,130
2025-03-16_16-58-01,124
2025-03-17_08-01-01,19
2025-03-17_08-04-01,31
2025-03-17_08-07-02,36
2025-03-17_08-10-01,43
2025-03-17_08-13-01,51
2025-03-17_08-16-01,52
2025-03-17_08-19-02,53
2025-03-17_08-22-01,54
2025-03-17_08-25-01,60
2025-03-17_08-28-02,64
2025-03-17_08-31-02,66
2025-03-17_08-34-01,69
2025-03-17_08-37-02,91
2025-03-17_08-40-02,96
2025-03-17_08-43-01,92
2025-03-17_08-46-02,99
2025-03-17_08-49-01,102
2025-03-17_08-52-01,105
2025-03-17_08-55-01,104
2025-03-17_08-58-01,107
2025-03-17_09-01-01,108
2025-03-17_09-04-02,109
2025-03-17_09-07-01,111
2025-03-17_09-10-02,110
2025-03-17_09-13-01,108
2025-03-17_09-16-02,110
2025-03-17_09-19-01,116
2025-03-17_09-22-01,122
2025-03-17_09-25-02,122
2025-03-17_09-28-02,123
2025-03-17_09-31-01,124
2025-03-17_09-34-02,122
2025-03-17_09-37-02,120
2025-03-17_09-40-01,122
2025-03-17_09-43-01,125
2025-03-17_09-46-01,119
2025-03-17_09-49-01,119
2025-03-17_09-52-02,118
2025-03-17_09-55-01,115
2025-03-17_09-58-02,112
2025-03-17_10-01-01,111
2025-03-17_10-04-01,112
2025-03-17_10-07-02,114
2025-03-17_10-10-02,113
2025-03-17_10-13-01,133
2025-03-17_10-16-01,134
2025-03-17_10-19-01,130
2025-03-17_10-22-01,132
2025-03-17_10-25-01,135
2025-03-17_10-28-01,133
2025-03-17_10-31-01,133
2025-03-17_10-34-01,137
2025-03-17_10-37-01,136
2025-03-17_10-40-01,140
2025-03-17_10-43-02,140
2025-03-17_10-46-02,140
2025-03-17_10-49-01,142
2025-03-17_10-52-02,122
2025-03-17_10-55-01,119
2025-03-17_10-58-01,117
2025-03-17_11-01-01,115
2025-03-17_11-04-02,115
2025-03-17_11-07-02,111
2025-03-17_11-10-01,112
2025-03-17_11-13-01,113
2025-03-17_11-16-01,111
2025-03-17_11-19-01,103
2025-03-17_11-22-01,89
2025-03-17_11-25-02,93
2025-03-17_11-28-02,92
2025-03-17_11-31-01,91
2025-03-17_11-34-01,92
2025-03-17_11-37-02,90
2025-03-17_11-40-01,88
2025-03-17_11-43-02,88
2025-03-17_11-46-01,88
2025-03-17_11-49-01,87
2025-03-17_11-52-01,86
2025-03-17_11-55-02,65
2025-03-17_11-58-01,65
2025-03-17_12-01-02,64
2025-03-17_12-04-01,64
2025-03-17_12-07-01,59
2025-03-17_12-10-02,59
2025-03-17_12-13-01,56
2025-03-17_12-16-02,54
2025-03-17_12-19-01,56
2025-03-17_12-22-02,56
2025-03-17_12-25-01,56
2025-03-17_12-28-01,54
2025-03-17_12-31-02,57
2025-03-17_12-34-01,59
2025-03-17_12-37-02,63
2025-03-17_12-40-01,62
2025-03-17_12-43-01,64
2025-03-17_12-46-01,62
2025-03-17_12-49-01,69
2025-03-17_12-52-01,69
2025-03-17_12-55-01,66
2025-03-17_12-58-01,65
2025-03-17_13-01-02,68
2025-03-17_13-04-02,69
2025-03-17_13-07-01,67
2025-03-17_13-10-01,68
2025-03-17_13-13-02,64
2025-03-17_13-16-01,67
2025-03-17_13-19-01,67
2025-03-17_13-22-01,69
2025-03-17_13-25-02,65
2025-03-17_13-28-02,66
2025-03-17_13-31-01,65
2025-03-17_13-34-02,66
2025-03-17_13-37-01,63
2025-03-17_13-40-01,63
2025-03-17_13-43-01,60
2025-03-17_13-46-01,58
2025-03-17_13-49-01,59
2025-03-17_13-52-02,58
2025-03-17_13-55-01,58
2025-03-17_13-58-02,57
2025-03-17_14-01-02,55
2025-03-17_14-04-01,56
2025-03-17_14-07-01,57
2025-03-17_14-10-01,56
2025-03-17_14-13-01,56
2025-03-17_14-16-01,55
2025-03-17_14-19-02,54
2025-03-17_14-22-01,54
2025-03-17_14-25-02,57
2025-03-17_14-28-01,57
2025-03-17_14-31-01,56
2025-03-17_14-34-01,57
2025-03-17_14-37-01,63
2025-03-17_14-40-01,66
2025-03-17_14-43-02,67
2025-03-17_14-46-02,67
2025-03-17_14-49-01,66
2025-03-17_14-52-01,69
2025-03-17_14-55-01,69
2025-03-17_14-58-01,76
2025-03-17_15-01-02,76
2025-03-17_15-04-01,76
2025-03-17_15-07-01,89
2025-03-17_15-10-01,99
2025-03-17_15-13-01,109
2025-03-17_15-16-01,121
2025-03-17_15-19-01,123
2025-03-17_15-22-01,128
2025-03-17_15-25-02,130
2025-03-17_15-28-01,134
2025-03-17_15-31-01,134
2025-03-17_15-34-01,130
2025-03-17_15-37-01,131
2025-03-17_15-40-01,133
2025-03-17_15-43-01,134
2025-03-17_15-46-01,136
2025-03-17_15-49-01,145
2025-03-17_15-52-01,148
2025-03-17_15-55-01,155
2025-03-17_15-58-01,165
2025-03-17_16-01-01,168
2025-03-17_16-04-01,168
2025-03-17_16-07-01,177
2025-03-17_16-10-01,180
2025-03-17_16-13-01,175
2025-03-17_16-16-03,178
2025-03-17_16-19-01,184
2025-03-17_16-22-01,189
2025-03-17_16-25-01,195
2025-03-17_16-28-01,206
2025-03-17_16-31-01,206
2025-03-17_16-34-01,209
2025-03-17_16-37-01,207
2025-03-17_16-40-01,198
2025-03-17_16-43-02,193
2025-03-17_16-46-01,189
2025-03-17_16-49-02,181
2025-03-17_16-52-01,189
2025-03-17_16-55-01,194
2025-03-17_16-58-02,194
2025-03-17_17-01-01,196
2025-03-17_17-04-01,199
2025-03-17_17-07-02,202
2025-03-17_17-10-02,200
2025-03-17_17-13-01,198
2025-03-17_17-16-01,203
2025-03-17_17-19-02,201
2025-03-17_17-22-02,196
2025-03-17_17-25-01,197
2025-03-17_17-28-01,198
2025-03-17_17-31-01,196
2025-03-17_17-34-02,196
2025-03-17_17-37-01,191
2025-03-17_17-40-02,195
2025-03-17_17-43-02,199
2025-03-17_17-46-02,203
2025-03-17_17-49-02,199
2025-03-17_17-52-01,194
2025-03-17_17-55-02,200
2025-03-17_17-58-02,201
2025-03-17_18-01-01,195
2025-03-17_18-04-01,188
2025-03-17_18-07-02,183
2025-03-17_18-10-02,178
2025-03-17_18-13-02,174
2025-03-17_18-16-01,166
2025-03-17_18-19-01,162
2025-03-17_18-22-02,157
2025-03-17_18-25-02,153
2025-03-17_18-28-02,149
2025-03-17_18-31-01,147
2025-03-17_18-34-01,143
2025-03-17_18-37-02,140
2025-03-17_18-40-01,140
2025-03-17_18-43-01,134
2025-03-17_18-46-02,139
2025-03-17_18-49-01,143
2025-03-17_18-52-02,145
2025-03-17_18-55-02,145
2025-03-17_18-58-02,149
2025-03-17_19-01-01,151
2025-03-17_19-04-01,149
2025-03-17_19-07-01,149
2025-03-17_19-10-01,149
2025-03-17_19-13-01,143
2025-03-17_19-16-01,140
2025-03-17_19-19-02,142
2025-03-17_19-22-02,138
2025-03-17_19-25-02,131
2025-03-17_19-28-01,135
2025-03-17_19-31-01,119
2025-03-17_19-34-01,117
2025-03-17_19-37-01,124
2025-03-17_19-40-02,124
2025-03-17_19-43-01,122
2025-03-17_19-46-01,125
2025-03-17_19-49-01,127
2025-03-17_19-52-01,131
2025-03-17_19-55-01,133
2025-03-17_19-58-02,135
2025-03-17_20-01-02,134
2025-03-17_20-04-01,134
2025-03-17_20-07-02,137
2025-03-17_20-10-02,141
2025-03-17_20-13-01,139
2025-03-17_20-16-01,138
2025-03-17_20-19-01,132
2025-03-17_20-22-01,126
2025-03-17_20-25-01,121
2025-03-17_20-28-02,115
2025-03-17_20-31-02,109
2025-03-17_20-34-01,105
2025-03-17_20-37-01,97
2025-03-17_20-40-01,93
2025-03-17_20-43-01,92
2025-03-17_20-46-01,91
2025-03-17_20-49-02,88
2025-03-17_20-52-02,84
2025-03-17_20-55-01,79
2025-03-17_20-58-02,78
2025-03-18_06-31-02,17
2025-03-18_06-34-01,51
2025-03-18_06-37-02,66
2025-03-18_06-40-01,72
2025-03-18_06-43-01,76
2025-03-18_06-46-02,86
2025-03-18_06-49-01,89
2025-03-18_06-52-02,92
2025-03-18_06-55-02,94
2025-03-18_06-58-02,97
2025-03-18_07-01-01,103
2025-03-18_07-04-01,104
2025-03-18_07-07-01,108
2025-03-18_07-10-01,110
2025-03-18_07-13-01,112
2025-03-18_07-16-02,114
2025-03-18_07-19-01,116
2025-03-18_07-22-01,117
2025-03-18_07-25-01,119
2025-03-18_07-28-01,120
2025-03-18_07-31-01,125
2025-03-18_07-34-01,129
2025-03-18_07-37-02,129
2025-03-18_07-40-01,128
2025-03-18_07-43-01,130
2025-03-18_07-46-01,125
2025-03-18_07-49-01,121
2025-03-18_07-52-02,110
2025-03-18_07-55-01,124
2025-03-18_07-58-01,125
2025-03-18_08-01-01,118
2025-03-18_08-04-01,118
2025-03-18_08-07-02,116
2025-03-18_08-10-01,118
2025-03-18_08-13-01,118
2025-03-18_08-16-01,125
2025-03-18_08-19-02,124
2025-03-18_08-22-02,120
2025-03-18_08-25-01,115
2025-03-18_08-28-02,116
2025-03-18_08-31-01,114
2025-03-18_08-34-02,114
2025-03-18_08-37-02,110
2025-03-18_08-40-01,106
2025-03-18_08-43-01,105
2025-03-18_08-46-02,99
2025-03-18_08-49-01,101
2025-03-18_08-52-02,97
2025-03-18_08-55-01,101
2025-03-18_08-58-01,100
2025-03-18_09-01-01,99
2025-03-18_09-04-02,100
2025-03-18_09-07-01,94
2025-03-18_09-10-02,96
2025-03-18_09-13-01,96
2025-03-18_09-16-01,94
2025-03-18_09-19-02,93
2025-03-18_09-22-01,86
2025-03-18_09-25-01,83
2025-03-18_09-28-02,81
2025-03-18_09-31-02,77
2025-03-18_09-34-01,83
2025-03-18_09-37-01,79
2025-03-18_09-40-01,80
2025-03-18_09-43-02,83
2025-03-18_09-46-02,83
2025-03-18_09-49-02,81
2025-03-18_09-52-01,80
2025-03-18_09-55-02,79
2025-03-18_09-58-02,81
2025-03-18_10-01-02,78
2025-03-18_10-04-01,82
2025-03-18_10-07-01,83
2025-03-18_10-10-01,83
2025-03-18_10-13-02,84
2025-03-18_10-16-01,88
2025-03-18_10-19-02,91
2025-03-18_10-22-02,91
2025-03-18_10-25-01,92
2025-03-18_10-28-01,94
2025-03-18_10-31-01,94
2025-03-18_10-34-02,93
2025-03-18_10-37-02,97
2025-03-18_10-40-01,96
2025-03-18_10-43-02,97
2025-03-18_10-46-02,98
2025-03-18_10-49-01,98
2025-03-18_10-52-01,98
2025-03-18_10-55-02,97
2025-03-18_10-58-01,89
2025-03-18_11-01-02,86
2025-03-18_11-04-01,86
2025-03-18_11-07-01,84
2025-03-18_11-10-01,85
2025-03-18_11-13-02,83
2025-03-18_11-16-01,83
2025-03-18_11-19-01,85
2025-03-18_11-22-01,84
2025-03-18_11-25-01,83
2025-03-18_11-28-01,83
2025-03-18_11-31-01,85
2025-03-18_11-34-01,85
2025-03-18_11-37-02,83
2025-03-18_11-40-01,85
2025-03-18_11-43-01,83
2025-03-18_11-46-02,85
2025-03-18_11-49-01,87
2025-03-18_11-52-01,89
2025-03-18_11-55-01,91
2025-03-18_11-58-02,90
2025-03-18_12-01-01,89
2025-03-18_12-04-01,91
2025-03-18_12-07-01,88
2025-03-18_12-10-02,88
2025-03-18_12-13-02,86
2025-03-18_12-16-01,88
2025-03-18_12-19-01,87
2025-03-18_12-22-02,85
2025-03-18_12-25-01,84
2025-03-18_12-28-01,81
2025-03-18_12-31-01,80
2025-03-18_12-34-02,80
2025-03-18_12-37-02,82
2025-03-18_12-40-01,81
2025-03-18_12-43-01,82
2025-03-18_12-46-01,80
2025-03-18_12-49-02,75
2025-03-18_12-52-02,78
2025-03-18_12-55-01,81
2025-03-18_12-58-02,82
2025-03-18_13-01-01,80
2025-03-18_13-04-02,78
2025-03-18_13-07-02,77
2025-03-18_13-10-01,78
2025-03-18_13-13-01,78
2025-03-18_13-16-01,80
2025-03-18_13-19-02,78
2025-03-18_13-22-02,78
2025-03-18_13-25-01,76
2025-03-18_13-28-02,76
2025-03-18_13-31-01,77
2025-03-18_13-34-01,77
2025-03-18_13-37-01,75
2025-03-18_13-40-01,75
2025-03-18_13-43-01,79
2025-03-18_13-46-02,72
2025-03-18_13-49-01,74
2025-03-18_13-52-01,76
2025-03-18_13-55-02,76
2025-03-18_13-58-01,76
2025-03-18_14-01-02,75
2025-03-18_14-04-01,72
2025-03-18_14-07-01,73
2025-03-18_14-10-01,75
2025-03-18_14-13-02,74
2025-03-18_14-16-02,75
2025-03-18_14-19-01,75
2025-03-18_14-22-01,75
2025-03-18_14-25-01,78
2025-03-18_14-28-02,76
2025-03-18_14-31-02,76
2025-03-18_14-34-01,79
2025-03-18_14-37-01,81
2025-03-18_14-40-01,82
2025-03-18_14-43-01,84
2025-03-18_14-46-02,83
2025-03-18_14-49-01,101
2025-03-18_14-52-01,100
2025-03-18_14-55-02,99
2025-03-18_14-58-01,103
2025-03-18_15-01-01,100
2025-03-18_15-04-01,97
2025-03-18_15-07-01,94
2025-03-18_15-10-02,101
2025-03-18_15-13-01,105
2025-03-18_15-16-01,109
2025-03-18_15-19-01,113
2025-03-18_15-22-02,119
2025-03-18_15-25-01,118
2025-03-18_15-28-02,118
2025-03-18_15-31-01,123
2025-03-18_15-34-01,130
2025-03-18_15-37-02,132
2025-03-18_15-40-01,135
2025-03-18_15-43-02,143
2025-03-18_15-46-01,143
2025-03-18_15-49-02,144
2025-03-18_15-52-02,149
2025-03-18_15-55-01,157
2025-03-18_15-58-02,158
2025-03-18_16-01-02,170
2025-03-18_16-04-01,181
2025-03-18_16-07-01,177
2025-03-18_16-10-01,172
2025-03-18_16-13-02,174
2025-03-18_16-16-01,186
2025-03-18_16-19-01,194
2025-03-18_16-22-02,199
2025-03-18_16-25-01,208
2025-03-18_16-28-01,209
2025-03-18_16-31-02,215
2025-03-18_16-34-01,215
2025-03-18_16-37-01,213
2025-03-18_16-40-01,215
2025-03-18_16-43-02,210
2025-03-18_16-46-03,212
2025-03-18_16-49-02,212
2025-03-18_16-52-01,211
2025-03-18_16-55-02,216
2025-03-18_16-58-01,216
2025-03-18_17-01-02,220
2025-03-18_17-04-01,224
2025-03-18_17-07-02,224
2025-03-18_17-10-01,224
2025-03-18_17-13-02,227
2025-03-18_17-16-01,228
2025-03-18_17-19-02,226
2025-03-18_17-22-01,225
2025-03-18_17-25-01,227
2025-03-18_17-28-02,231
2025-03-18_17-31-02,228
2025-03-18_17-34-01,230
2025-03-18_17-37-01,224
2025-03-18_17-40-02,217
2025-03-18_17-43-01,219
2025-03-18_17-46-01,218
2025-03-18_17-49-01,215
2025-03-18_17-52-01,215
2025-03-18_17-55-02,213
2025-03-18_17-58-01,222
2025-03-18_18-01-01,220
2025-03-18_18-04-01,221
2025-03-18_18-07-01,221
2025-03-18_18-10-02,221
2025-03-18_18-13-02,215
2025-03-18_18-16-01,211
2025-03-18_18-19-02,202
2025-03-18_18-22-01,192
2025-03-18_18-25-02,188
2025-03-18_18-28-01,181
2025-03-18_18-31-01,177
2025-03-18_18-34-01,178
2025-03-18_18-37-01,176
2025-03-18_18-40-02,172
2025-03-18_18-43-01,174
2025-03-18_18-46-01,179
2025-03-18_18-49-01,184
2025-03-18_18-52-02,179
2025-03-18_18-55-02,179
2025-03-18_18-58-01,182
2025-03-18_19-01-01,171
2025-03-18_19-04-01,161
2025-03-18_19-07-01,160
2025-03-18_19-10-01,167
2025-03-18_19-13-01,164
2025-03-18_19-16-02,165
2025-03-18_19-19-01,155
2025-03-18_19-22-01,158
2025-03-18_19-25-02,153
2025-03-18_19-28-01,153
2025-03-18_19-31-02,150
2025-03-18_19-34-01,150
2025-03-18_19-37-01,149
2025-03-18_19-40-01,153
2025-03-18_19-43-01,152
2025-03-18_19-46-02,153
2025-03-18_19-49-01,152
2025-03-18_19-52-01,155
2025-03-18_19-55-01,158
2025-03-18_19-58-01,157
2025-03-18_20-01-01,162
2025-03-18_20-04-01,158
2025-03-18_20-07-01,155
2025-03-18_20-10-02,150
2025-03-18_20-13-01,147
2025-03-18_20-16-02,146
2025-03-18_20-19-02,142
2025-03-18_20-22-02,138
2025-03-18_20-25-01,130
2025-03-18_20-28-01,119
2025-03-18_20-31-01,117
2025-03-18_20-34-01,104
2025-03-18_20-37-01,97
2025-03-18_20-40-01,97
2025-03-18_20-43-01,85
2025-03-18_20-46-01,80
2025-03-18_20-49-01,80
2025-03-18_20-52-01,78
2025-03-18_20-55-02,75
2025-03-18_20-58-01,69
2025-03-19_08-01-01,23
2025-03-19_08-04-01,36
2025-03-19_08-07-01,52
2025-03-19_08-10-01,56
2025-03-19_08-13-01,62
2025-03-19_08-16-01,63
2025-03-19_08-19-01,65
2025-03-19_08-22-01,67
2025-03-19_08-25-01,67
2025-03-19_08-28-01,68
2025-03-19_08-31-01,72
2025-03-19_08-34-01,72
2025-03-19_08-37-02,73
2025-03-19_08-40-04,75
2025-03-19_08-43-01,74
2025-03-19_08-46-01,77
2025-03-19_08-49-01,77
2025-03-19_08-52-02,79
2025-03-19_08-55-02,79
2025-03-19_08-58-02,79
2025-03-19_09-01-01,80
2025-03-19_09-04-02,79
2025-03-19_09-07-01,82
2025-03-19_09-10-01,81
2025-03-19_09-13-02,80
2025-03-19_09-16-01,82
2025-03-19_09-19-01,81
2025-03-19_09-22-01,75
2025-03-19_09-25-01,76
2025-03-19_09-28-01,77
2025-03-19_09-31-02,75
2025-03-19_09-34-01,75
2025-03-19_09-37-01,76
2025-03-19_09-40-01,78
2025-03-19_09-43-01,81
2025-03-19_09-46-01,79
2025-03-19_09-49-02,79
2025-03-19_09-52-02,77
2025-03-19_09-55-01,79
2025-03-19_09-58-01,77
2025-03-19_10-01-01,76
2025-03-19_10-04-02,77
2025-03-19_10-07-01,77
2025-03-19_10-10-02,80
2025-03-19_10-13-02,79
2025-03-19_10-16-01,81
2025-03-19_10-19-02,85
2025-03-19_10-22-02,85
2025-03-19_10-25-01,85
2025-03-19_10-28-01,81
2025-03-19_10-31-01,81
2025-03-19_10-34-02,82
2025-03-19_10-37-01,82
2025-03-19_10-40-02,85
2025-03-19_10-43-01,88
2025-03-19_10-46-02,88
2025-03-19_10-49-01,85
2025-03-19_10-52-02,84
2025-03-19_10-55-01,81
2025-03-19_10-58-02,84
2025-03-19_11-01-01,84
2025-03-19_11-04-01,86
2025-03-19_11-07-01,88
2025-03-19_11-10-01,85
2025-03-19_11-13-01,84
2025-03-19_11-16-01,89
2025-03-19_11-19-02,87
2025-03-19_11-22-01,86
2025-03-19_11-25-01,87
2025-03-19_11-28-01,87
2025-03-19_11-31-01,86
2025-03-19_11-34-02,86
2025-03-19_11-37-01,84
2025-03-19_11-40-02,82
2025-03-19_11-43-01,84
2025-03-19_11-46-01,80
2025-03-19_11-49-02,83
2025-03-19_11-52-01,81
2025-03-19_11-55-01,79
2025-03-19_11-58-01,79
2025-03-19_12-01-01,81
2025-03-19_12-04-01,82
2025-03-19_12-07-02,80
2025-03-19_12-10-01,82
2025-03-19_12-13-01,82
2025-03-19_12-16-02,83
2025-03-19_12-19-01,85
2025-03-19_12-22-02,85
2025-03-19_12-25-01,86
2025-03-19_12-28-01,86
2025-03-19_12-31-01,85
2025-03-19_12-34-01,85
2025-03-19_12-37-02,85
2025-03-19_12-40-01,83
2025-03-19_12-43-01,83
2025-03-19_12-46-01,86
2025-03-19_12-55-01,81
2025-03-19_12-58-01,81
2025-03-19_13-01-02,79
2025-03-19_13-04-01,84
2025-03-19_13-07-01,85
2025-03-19_13-10-01,84
2025-03-19_13-13-01,82
2025-03-19_13-16-01,82
2025-03-19_13-19-01,79
2025-03-19_13-22-01,83
2025-03-19_13-25-01,86
2025-03-19_13-28-02,84
2025-03-19_13-31-01,88
2025-03-19_13-34-02,85
2025-03-19_13-37-02,83
2025-03-19_13-40-01,83
2025-03-19_13-43-01,82
2025-03-19_13-46-02,81
2025-03-19_13-49-01,76
2025-03-19_13-52-01,75
2025-03-19_13-55-01,78
2025-03-19_13-58-02,75
2025-03-19_14-01-02,75
2025-03-19_14-04-01,76
2025-03-19_14-07-02,77
2025-03-19_14-10-02,80
2025-03-19_14-13-01,82
2025-03-19_14-16-02,84
2025-03-19_14-19-01,82
2025-03-19_14-22-01,85
2025-03-19_14-25-02,84
2025-03-19_14-28-01,91
2025-03-19_14-31-01,93
2025-03-19_14-34-01,96
2025-03-19_14-37-01,100
2025-03-19_14-40-02,102
2025-03-19_14-43-01,107
2025-03-19_14-46-01,109
2025-03-19_14-49-02,117
2025-03-19_14-52-01,121
2025-03-19_14-55-01,122
2025-03-19_14-58-01,121
2025-03-19_15-01-01,122
2025-03-19_15-04-01,120
2025-03-19_15-07-02,125
2025-03-19_15-10-02,129
2025-03-19_15-13-01,133
2025-03-19_15-16-01,139
2025-03-19_15-19-02,145
2025-03-19_15-22-01,149
2025-03-19_15-25-01,154
2025-03-19_15-28-01,159
2025-03-19_15-31-01,157
2025-03-19_15-34-01,155
2025-03-19_15-37-02,158
2025-03-19_15-40-01,159
2025-03-19_15-43-02,157
2025-03-19_15-46-01,169
2025-03-19_15-49-01,173
2025-03-19_15-52-02,172
2025-03-19_15-55-01,172
2025-03-19_15-58-01,170
2025-03-19_16-01-01,173
2025-03-19_16-04-02,169
2025-03-19_16-07-02,161
2025-03-19_16-10-02,163
2025-03-19_16-13-01,158
2025-03-19_16-16-01,153
2025-03-19_16-19-01,153
2025-03-19_16-22-01,151
2025-03-19_16-25-01,150
2025-03-19_16-28-02,149
2025-03-19_16-31-01,147
2025-03-19_16-34-02,146
2025-03-19_16-37-01,144
2025-03-19_16-40-02,138
2025-03-19_16-43-01,134
2025-03-19_16-46-02,129
2025-03-19_16-49-01,117
2025-03-19_16-52-01,109
2025-03-19_16-55-02,107
2025-03-19_16-58-01,98
2025-03-20_06-31-01,32
2025-03-20_06-34-01,42
2025-03-20_06-37-01,49
2025-03-20_06-40-01,55
2025-03-20_06-43-01,58
2025-03-20_06-46-01,58
2025-03-20_06-49-02,59
2025-03-20_06-52-01,62
2025-03-20_06-55-01,66
2025-03-20_06-58-01,68
2025-03-20_07-01-01,72
2025-03-20_07-04-02,75
2025-03-20_07-07-02,78
2025-03-20_07-10-01,79
2025-03-20_07-13-01,81
2025-03-20_07-16-01,81
2025-03-20_07-19-02,85
2025-03-20_07-22-01,87
2025-03-20_07-25-02,88
2025-03-20_07-28-01,88
2025-03-20_07-31-02,89
2025-03-20_07-34-01,89
2025-03-20_07-37-02,86
2025-03-20_07-40-01,85
2025-03-20_07-43-01,82
2025-03-20_07-46-02,82
2025-03-20_07-49-01,82
2025-03-20_07-52-01,80
2025-03-20_07-55-01,109
2025-03-20_07-58-02,106
2025-03-20_08-01-01,113
2025-03-20_08-04-02,112
2025-03-20_08-07-01,123
2025-03-20_08-10-02,125
2025-03-20_08-13-01,124
2025-03-20_08-16-01,128
2025-03-20_08-19-01,129
2025-03-20_08-22-01,126
2025-03-20_08-25-01,134
2025-03-20_08-28-02,136
2025-03-20_08-31-02,135
2025-03-20_08-34-02,138
2025-03-20_08-37-02,131
2025-03-20_08-40-01,132
2025-03-20_08-43-01,133
2025-03-20_08-46-01,128
2025-03-20_08-49-01,131
2025-03-20_08-52-01,130
2025-03-20_08-55-01,130
2025-03-20_08-58-01,133
2025-03-20_09-01-02,130
2025-03-20_09-04-02,128
2025-03-20_09-07-01,119
2025-03-20_09-10-01,115
2025-03-20_09-13-01,113
2025-03-20_09-16-02,102
2025-03-20_09-19-01,99
2025-03-20_09-22-01,102
2025-03-20_09-25-01,102
2025-03-20_09-28-01,102
2025-03-20_09-31-01,102
2025-03-20_09-34-02,101
2025-03-20_09-37-01,95
2025-03-20_09-40-01,93
2025-03-20_09-43-01,95
2025-03-20_09-46-01,95
2025-03-20_09-49-01,95
2025-03-20_09-52-02,96
2025-03-20_09-55-01,96
2025-03-20_09-58-02,95
2025-03-20_10-01-01,88
2025-03-20_10-04-01,86
2025-03-20_10-07-02,86
2025-03-20_10-10-01,86
2025-03-20_10-13-02,87
2025-03-20_10-16-01,88
2025-03-20_10-19-01,87
2025-03-20_10-22-01,83
2025-03-20_10-25-01,87
2025-03-20_10-28-02,88
2025-03-20_10-31-01,93
2025-03-20_10-34-01,89
2025-03-20_10-37-01,85
2025-03-20_10-40-02,85
2025-03-20_10-43-01,81
2025-03-20_10-46-01,79
2025-03-20_10-49-01,77
2025-03-20_10-52-02,81
2025-03-20_10-55-02,85
2025-03-20_10-58-01,85
2025-03-20_11-01-01,85
2025-03-20_11-04-01,75
2025-03-20_11-07-01,72
2025-03-20_11-10-02,69
2025-03-20_11-13-01,70
2025-03-20_11-16-02,71
2025-03-20_11-19-01,68
2025-03-20_11-22-01,68
2025-03-20_11-25-01,66
2025-03-20_11-28-01,66
2025-03-20_11-31-01,68
2025-03-20_11-34-02,70
2025-03-20_11-37-01,70
2025-03-20_11-40-01,66
2025-03-20_11-43-01,68
2025-03-20_11-46-01,65
2025-03-20_11-49-01,64
2025-03-20_11-52-01,66
2025-03-20_11-55-03,62
2025-03-20_11-58-01,65
2025-03-20_12-01-01,67
2025-03-20_12-04-02,65
2025-03-20_12-07-01,64
2025-03-20_12-10-02,63
2025-03-20_12-13-01,62
2025-03-20_12-16-01,62
2025-03-20_12-19-02,62
2025-03-20_12-22-01,61
2025-03-20_12-25-01,60
2025-03-20_12-28-02,58
2025-03-20_12-31-01,58
2025-03-20_12-34-01,58
2025-03-20_12-37-02,59
2025-03-20_12-40-01,58
2025-03-20_12-43-02,56
2025-03-20_12-46-01,57
2025-03-20_12-49-01,55
2025-03-20_12-52-01,55
2025-03-20_12-55-02,57
2025-03-20_12-58-02,58
2025-03-20_13-01-02,67
2025-03-20_13-04-01,77
2025-03-20_13-07-01,81
2025-03-20_13-10-02,80
2025-03-20_13-13-01,82
2025-03-20_13-16-02,82
2025-03-20_13-19-01,83
2025-03-20_13-22-01,81
2025-03-20_13-25-01,81
2025-03-20_13-28-02,84
2025-03-20_13-31-02,84
2025-03-20_13-34-01,81
2025-03-20_13-37-01,80
2025-03-20_13-40-02,82
2025-03-20_13-43-01,81
2025-03-20_13-46-01,80
2025-03-20_13-49-01,83
2025-03-20_13-52-01,88
2025-03-20_13-55-01,84
2025-03-20_13-58-01,90
2025-03-20_14-01-02,91
2025-03-20_14-04-01,88
2025-03-20_14-07-01,87
2025-03-20_14-10-01,91
2025-03-20_14-13-02,90
2025-03-20_14-16-01,90
2025-03-20_14-19-01,90
2025-03-20_14-22-01,89
2025-03-20_14-25-02,89
2025-03-20_14-28-01,90
2025-03-20_14-31-01,91
2025-03-20_14-34-02,91
2025-03-20_14-37-01,90
2025-03-20_14-40-02,89
2025-03-20_14-43-01,87
2025-03-20_14-46-02,88
2025-03-20_14-49-01,91
2025-03-20_14-52-01,92
2025-03-20_14-55-01,92
2025-03-20_14-58-02,84
2025-03-20_15-01-01,79
2025-03-20_15-04-02,77
2025-03-20_15-07-01,76
2025-03-20_15-10-01,80
2025-03-20_15-13-01,80
2025-03-20_15-16-01,82
2025-03-20_15-19-01,93
2025-03-20_15-22-01,94
2025-03-20_15-25-02,101
2025-03-20_15-28-01,99
2025-03-20_15-31-01,98
2025-03-20_15-34-02,98
2025-03-20_15-37-01,98
2025-03-20_15-40-01,105
2025-03-20_15-43-01,114
2025-03-20_15-46-01,120
2025-03-20_15-49-01,122
2025-03-20_15-52-01,123
2025-03-20_15-55-01,128
2025-03-20_15-58-01,133
2025-03-20_16-01-02,136
2025-03-20_16-04-01,142
2025-03-20_16-07-01,143
2025-03-20_16-10-01,149
2025-03-20_16-13-01,151
2025-03-20_16-16-01,151
2025-03-20_16-19-02,154
2025-03-20_16-22-01,151
2025-03-20_16-25-02,156
2025-03-20_16-28-01,158
2025-03-20_16-31-01,166
2025-03-20_16-34-01,170
2025-03-20_16-37-02,176
2025-03-20_16-40-01,177
2025-03-20_16-43-01,177
2025-03-20_16-46-02,182
2025-03-20_16-49-01,181
2025-03-20_16-52-02,188
2025-03-20_16-55-02,207
2025-03-20_16-58-02,215
2025-03-20_17-01-02,216
2025-03-20_17-04-02,220
2025-03-20_17-07-01,221
2025-03-20_17-10-02,219
2025-03-20_17-13-01,216
2025-03-20_17-16-02,210
2025-03-20_17-19-01,204
2025-03-20_17-22-02,202
2025-03-20_17-25-01,194
2025-03-20_17-28-01,194
2025-03-20_17-31-01,193
2025-03-20_17-34-02,194
2025-03-20_17-37-01,192
2025-03-20_17-40-01,197
2025-03-20_17-43-02,199
2025-03-20_17-46-01,202
2025-03-20_17-49-01,201
2025-03-20_17-52-01,200
2025-03-20_17-55-02,202
2025-03-20_17-58-01,200
2025-03-20_18-01-02,193
2025-03-20_18-04-01,191
2025-03-20_18-07-01,189
2025-03-20_18-10-01,191
2025-03-20_18-13-02,179
2025-03-20_18-16-01,178
2025-03-20_18-19-02,168
2025-03-20_18-22-01,161
2025-03-20_18-25-01,163
2025-03-20_18-28-02,163
2025-03-20_18-31-01,166
2025-03-20_18-34-01,173
2025-03-20_18-37-02,176
2025-03-20_18-40-01,174
2025-03-20_18-43-01,174
2025-03-20_18-46-01,169
2025-03-20_18-49-01,173
2025-03-20_18-52-02,169
2025-03-20_18-55-01,167
2025-03-20_18-58-01,171
2025-03-20_19-01-01,169
2025-03-20_19-04-02,171
2025-03-20_19-07-02,163
2025-03-20_19-10-01,158
2025-03-20_19-13-02,155
2025-03-20_19-16-02,151
2025-03-20_19-19-01,146
2025-03-20_19-22-02,142
2025-03-20_19-25-01,141
2025-03-20_19-28-01,140
2025-03-20_19-31-02,134
2025-03-20_19-34-01,132
2025-03-20_19-37-01,131
2025-03-20_19-40-02,130
2025-03-20_19-43-01,130
2025-03-20_19-46-02,132
2025-03-20_19-49-01,133
2025-03-20_19-52-01,136
2025-03-20_19-55-02,132
2025-03-20_19-58-01,134
2025-03-20_20-01-01,131
2025-03-20_20-04-01,129
2025-03-20_20-07-01,130
2025-03-20_20-10-02,130
2025-03-20_20-13-01,128
2025-03-20_20-16-01,125
2025-03-20_20-19-02,122
2025-03-20_20-22-01,118
2025-03-20_20-25-02,113
2025-03-20_20-28-01,111
2025-03-20_20-31-01,111
2025-03-20_20-34-01,106
2025-03-20_20-37-01,104
2025-03-20_20-40-02,100
2025-03-20_20-43-01,99
2025-03-20_20-46-01,96
2025-03-20_20-49-02,93
2025-03-20_20-52-01,92
2025-03-20_20-55-02,87
2025-03-20_20-58-01,84
2025-03-21_08-01-01,26
2025-03-21_08-04-01,45
2025-03-21_08-07-02,53
2025-03-21_08-10-01,63
2025-03-21_08-13-02,71
2025-03-21_08-16-01,87
2025-03-21_08-19-01,93
2025-03-21_08-22-01,100
2025-03-21_08-25-02,103
2025-03-21_08-28-01,108
2025-03-21_08-31-01,115
2025-03-21_08-34-01,122
2025-03-21_08-37-01,124
2025-03-21_08-40-02,129
2025-03-21_08-43-01,129
2025-03-21_08-46-01,131
2025-03-21_08-49-02,131
2025-03-21_08-52-01,133
2025-03-21_08-55-02,132
2025-03-21_08-58-02,134
2025-03-21_09-01-01,134
2025-03-21_09-04-02,133
2025-03-21_09-07-01,128
2025-03-21_09-10-02,128
2025-03-21_09-13-02,127
2025-03-21_09-16-02,122
2025-03-21_09-19-02,121
2025-03-21_09-22-02,122
2025-03-21_09-25-01,121
2025-03-21_09-28-01,123
2025-03-21_09-31-01,125
2025-03-21_09-34-01,121
2025-03-21_09-37-02,144
2025-03-21_09-40-01,142
2025-03-21_09-43-02,142
2025-03-21_09-46-01,139
2025-03-21_09-49-02,135
2025-03-21_09-52-02,135
2025-03-21_09-55-01,132
2025-03-21_09-58-01,130
2025-03-21_10-01-01,130
2025-03-21_10-04-01,131
2025-03-21_10-07-02,139
2025-03-21_10-10-01,140
2025-03-21_10-13-01,135
2025-03-21_10-16-01,134
2025-03-21_10-19-01,137
2025-03-21_10-22-01,138
2025-03-21_10-25-01,142
2025-03-21_10-28-02,140
2025-03-21_10-31-01,142
2025-03-21_10-34-02,141
2025-03-21_10-37-01,142
2025-03-21_10-40-01,141
2025-03-21_10-43-01,146
2025-03-21_10-46-01,149
2025-03-21_10-49-01,148
2025-03-21_10-52-02,148
2025-03-21_10-55-02,148
2025-03-21_10-58-01,145
2025-03-21_11-01-01,145
2025-03-21_11-04-02,147
2025-03-21_11-07-01,147
2025-03-21_11-10-01,152
2025-03-21_11-13-02,151
2025-03-21_11-16-02,151
2025-03-21_11-19-01,149
2025-03-21_11-22-01,152
2025-03-21_11-25-01,136
2025-03-21_11-28-01,128
2025-03-21_11-31-01,133
2025-03-21_11-34-02,133
2025-03-21_11-37-01,134
2025-03-21_11-40-01,133
2025-03-21_11-43-02,133
2025-03-21_11-46-02,131
2025-03-21_11-49-01,126
2025-03-21_11-52-02,127
2025-03-21_11-55-01,127
2025-03-21_11-58-02,130
2025-03-21_12-01-01,129
2025-03-21_12-04-02,130
2025-03-21_12-07-01,128
2025-03-21_12-10-02,127
2025-03-21_12-13-01,126
2025-03-21_12-16-02,120
2025-03-21_12-19-01,125
2025-03-21_12-22-01,123
2025-03-21_12-25-01,115
2025-03-21_12-28-01,96
2025-03-21_12-31-02,97
2025-03-21_12-34-01,96
2025-03-21_12-37-01,95
2025-03-21_12-40-02,91
2025-03-21_12-43-01,79
2025-03-21_12-46-01,81
2025-03-21_12-49-02,86
2025-03-21_12-52-01,83
2025-03-21_12-55-02,86
2025-03-21_12-58-01,89
2025-03-21_13-01-02,93
2025-03-21_13-04-01,98
2025-03-21_13-07-01,97
2025-03-21_13-10-01,95
2025-03-21_13-13-02,99
2025-03-21_13-16-01,98
2025-03-21_13-19-01,96
2025-03-21_13-22-02,94
2025-03-21_13-25-01,95
2025-03-21_13-28-01,93
2025-03-21_13-31-01,91
2025-03-21_13-34-02,89
2025-03-21_13-37-01,107
2025-03-21_13-40-01,107
2025-03-21_13-43-02,109
2025-03-21_13-46-02,107
2025-03-21_13-49-01,108
2025-03-21_13-52-02,106
2025-03-21_13-55-01,118
2025-03-21_13-58-02,121
2025-03-21_14-01-01,122
2025-03-21_14-04-01,122
2025-03-21_14-07-02,122
2025-03-21_14-10-01,122
2025-03-21_14-13-01,120
2025-03-21_14-16-01,118
2025-03-21_14-19-02,126
2025-03-21_14-22-01,125
2025-03-21_14-25-01,130
2025-03-21_14-28-02,129
2025-03-21_14-31-01,137
2025-03-21_14-34-02,143
2025-03-21_14-37-01,144
2025-03-21_14-40-01,150
2025-03-21_14-43-01,153
2025-03-21_14-46-02,165
2025-03-21_14-49-01,165
2025-03-21_14-52-01,165
2025-03-21_14-55-01,167
2025-03-21_14-58-01,170
2025-03-21_15-01-02,174
2025-03-21_15-04-01,175
2025-03-21_15-07-01,183
2025-03-21_15-10-02,186
2025-03-21_15-13-01,189
2025-03-21_15-16-01,190
2025-03-21_15-19-02,192
2025-03-21_15-22-02,198
2025-03-21_15-25-01,191
2025-03-21_15-28-02,186
2025-03-21_15-31-01,184
2025-03-21_15-34-02,193
2025-03-21_15-37-02,195
2025-03-21_15-40-01,196
2025-03-21_15-43-01,203
2025-03-21_15-46-02,205
2025-03-21_15-49-01,211
2025-03-21_15-52-02,212
2025-03-21_15-55-01,220
2025-03-21_15-58-02,222
2025-03-21_16-01-01,223
2025-03-21_16-04-01,223
2025-03-21_16-07-01,223
2025-03-21_16-10-01,224
2025-03-21_16-13-01,228
2025-03-21_16-16-01,226
2025-03-21_16-19-01,226
2025-03-21_16-22-01,226
2025-03-21_16-25-02,224
2025-03-21_16-28-01,220
2025-03-21_16-31-01,224
2025-03-21_16-34-02,230
2025-03-21_16-37-01,233
2025-03-21_16-40-01,239
2025-03-21_16-43-02,239
2025-03-21_16-46-01,229
2025-03-21_16-49-01,227
2025-03-21_16-52-02,228
2025-03-21_16-55-01,230
2025-03-21_16-58-01,231
2025-03-21_17-01-01,236
2025-03-21_17-04-02,237
2025-03-21_17-07-01,234
2025-03-21_17-10-01,243
2025-03-21_17-13-01,241
2025-03-21_17-16-01,244
2025-03-21_17-19-02,238
2025-03-21_17-22-01,230
2025-03-21_17-25-01,227
2025-03-21_17-28-02,224
2025-03-21_17-31-02,228
2025-03-21_17-34-01,217
2025-03-21_17-37-01,213
2025-03-21_17-40-01,209
2025-03-21_17-43-01,202
2025-03-21_17-46-02,201
2025-03-21_17-49-01,201
2025-03-21_17-52-01,204
2025-03-21_17-55-02,209
2025-03-21_17-58-02,204
2025-03-21_18-01-01,201
2025-03-21_18-04-02,201
2025-03-21_18-07-01,194
2025-03-21_18-10-01,193
2025-03-21_18-13-01,193
2025-03-21_18-16-01,188
2025-03-21_18-19-02,186
2025-03-21_18-22-02,184
2025-03-21_18-25-01,181
2025-03-21_18-28-02,181
2025-03-21_18-31-01,180
2025-03-21_18-34-01,175
2025-03-21_18-37-01,177
2025-03-21_18-40-02,179
2025-03-21_18-43-01,182
2025-03-21_18-46-01,183
2025-03-21_18-49-02,185
2025-03-21_18-52-02,185
2025-03-21_18-55-02,185
2025-03-21_18-58-01,183
2025-03-21_19-01-01,183
2025-03-21_19-04-02,186
2025-03-21_19-07-01,188
2025-03-21_19-10-01,184
2025-03-21_19-13-01,178
2025-03-21_19-16-01,174
2025-03-21_19-19-02,171
2025-03-21_19-22-01,163
2025-03-21_19-25-01,161
2025-03-21_19-28-02,159
2025-03-21_19-31-01,154
2025-03-21_19-34-01,137
2025-03-21_19-37-02,120
2025-03-21_19-40-01,104
2025-03-21_19-43-02,100
2025-03-21_19-46-02,100
2025-03-21_19-49-01,101
2025-03-21_19-52-01,100
2025-03-21_19-55-02,100
2025-03-21_19-58-01,100
2025-03-21_20-01-02,99
2025-03-21_20-04-01,96
2025-03-21_20-07-02,95
2025-03-21_20-10-02,91
2025-03-21_20-13-01,86
2025-03-21_20-16-01,82
2025-03-21_20-19-02,83
2025-03-21_20-22-01,79
2025-03-21_20-25-01,74
2025-03-21_20-28-01,66
2025-03-21_20-31-02,64
2025-03-21_20-34-02,63
2025-03-21_20-37-01,59
2025-03-21_20-40-01,56
2025-03-21_20-43-01,53
2025-03-21_20-46-01,52
2025-03-21_20-49-02,49
2025-03-21_20-52-04,48
2025-03-21_20-55-01,45
2025-03-21_20-58-01,42
2025-03-22_07-01-02,24
2025-03-22_07-04-01,32
2025-03-22_07-07-01,35
2025-03-22_07-10-02,38
2025-03-22_07-13-02,41
2025-03-22_07-16-02,41
2025-03-22_07-19-02,41
2025-03-22_07-22-02,44
2025-03-22_07-25-01,47
2025-03-22_07-28-02,49
2025-03-22_07-31-02,51
2025-03-22_07-34-01,54
2025-03-22_07-37-01,56
2025-03-22_07-40-01,61
2025-03-22_07-43-02,63
2025-03-22_07-46-01,65
2025-03-22_07-49-01,71
2025-03-22_07-52-02,76
2025-03-22_07-55-01,83
2025-03-22_07-58-01,89
2025-03-22_08-01-02,85
2025-03-22_08-04-01,88
2025-03-22_08-07-02,93
2025-03-22_08-10-01,92
2025-03-22_08-13-02,96
2025-03-22_08-16-02,104
2025-03-22_08-19-01,105
2025-03-22_08-22-01,106
2025-03-22_08-25-01,111
2025-03-22_08-28-01,112
2025-03-22_08-31-02,117
2025-03-22_08-34-01,119
2025-03-22_08-37-02,128
2025-03-22_08-40-01,132
2025-03-22_08-43-02,135
2025-03-22_08-46-01,141
2025-03-22_08-49-02,145
2025-03-22_08-52-02,151
2025-03-22_08-55-01,160
2025-03-22_08-58-02,167
2025-03-22_09-01-02,169
2025-03-22_09-04-01,170
2025-03-22_09-07-01,173
2025-03-22_09-10-01,174
2025-03-22_09-13-02,172
2025-03-22_09-16-01,170
2025-03-22_09-19-01,176
2025-03-22_09-22-01,184
2025-03-22_09-25-02,198
2025-03-22_09-28-01,204
2025-03-22_09-31-01,206
2025-03-22_09-34-02,211
2025-03-22_09-37-02,214
2025-03-22_09-40-01,216
2025-03-22_09-43-01,217
2025-03-22_09-46-02,218
2025-03-22_09-49-01,218
2025-03-22_09-52-01,211
2025-03-22_09-55-02,213
2025-03-22_09-58-01,215
2025-03-22_10-01-02,210
2025-03-22_10-04-01,218
2025-03-22_10-07-01,222
2025-03-22_10-10-02,218
2025-03-22_10-13-01,223
2025-03-22_10-16-01,230
2025-03-22_10-19-02,231
2025-03-22_10-22-01,239
2025-03-22_10-25-02,239
2025-03-22_10-28-01,236
2025-03-22_10-31-01,233
2025-03-22_10-34-01,235
2025-03-22_10-37-02,239
2025-03-22_10-40-01,238
2025-03-22_10-43-02,241
2025-03-22_10-46-01,236
2025-03-22_10-49-02,237
2025-03-22_10-52-01,239
2025-03-22_10-55-02,231
2025-03-22_10-58-01,230
2025-03-22_11-01-01,219
2025-03-22_11-04-02,208
2025-03-22_11-07-01,207
2025-03-22_11-10-01,213
2025-03-22_11-13-01,223
2025-03-22_11-16-01,220
2025-03-22_11-19-02,221
2025-03-22_11-22-01,226
2025-03-22_11-25-01,228
2025-03-22_11-28-01,234
2025-03-22_11-31-01,225
2025-03-22_11-34-01,224
2025-03-22_11-37-01,223
2025-03-22_11-40-02,220
2025-03-22_11-43-01,213
2025-03-22_11-46-01,208
2025-03-22_11-49-01,210
2025-03-22_11-52-01,218
2025-03-22_11-55-01,222
2025-03-22_11-58-01,223
2025-03-22_12-01-01,224
2025-03-22_12-04-01,225
2025-03-22_12-07-02,234
2025-03-22_12-10-01,233
2025-03-22_12-13-01,227
2025-03-22_12-16-01,225
2025-03-22_12-19-01,225
2025-03-22_12-22-01,219
2025-03-22_12-25-01,208
2025-03-22_12-28-01,194
2025-03-22_12-31-01,188
2025-03-22_12-34-01,195
2025-03-22_12-37-02,190
2025-03-22_12-40-01,186
2025-03-22_12-43-02,179
2025-03-22_12-46-01,174
2025-03-22_12-49-02,175
2025-03-22_12-52-02,164
2025-03-22_12-55-01,170
2025-03-22_12-58-02,169
2025-03-22_13-01-02,165
2025-03-22_13-04-01,171
2025-03-22_13-07-01,167
2025-03-22_13-10-01,163
2025-03-22_13-13-01,164
2025-03-22_13-16-01,163
2025-03-22_13-19-02,159
2025-03-22_13-22-01,159
2025-03-22_13-25-01,156
2025-03-22_13-28-01,153
2025-03-22_13-31-02,150
2025-03-22_13-34-01,152
2025-03-22_13-37-01,146
2025-03-22_13-40-01,144
2025-03-22_13-43-02,147
2025-03-22_13-46-01,143
2025-03-22_13-49-01,142
2025-03-22_13-52-02,139
2025-03-22_13-55-01,138
2025-03-22_13-58-01,140
2025-03-22_14-01-01,138
2025-03-22_14-04-02,140
2025-03-22_14-07-01,139
2025-03-22_14-10-02,139
2025-03-22_14-13-01,141
2025-03-22_14-16-01,138
2025-03-22_14-19-01,137
2025-03-22_14-22-02,140
2025-03-22_14-25-01,144
2025-03-22_14-28-01,148
2025-03-22_14-31-01,151
2025-03-22_14-34-01,153
2025-03-22_14-37-02,150
2025-03-22_14-40-01,142
2025-03-22_14-43-02,143
2025-03-22_14-46-02,142
2025-03-22_14-49-01,134
2025-03-22_14-52-01,131
2025-03-22_14-55-02,130
2025-03-22_14-58-01,122
2025-03-22_15-01-02,124
2025-03-22_15-04-01,128
2025-03-22_15-07-01,130
2025-03-22_15-10-02,132
2025-03-22_15-13-01,132
2025-03-22_15-16-01,129
2025-03-22_15-19-02,129
2025-03-22_15-22-01,128
2025-03-22_15-25-01,130
2025-03-22_15-28-02,126
2025-03-22_15-31-01,125
2025-03-22_15-34-02,130
2025-03-22_15-37-02,128
2025-03-22_15-40-01,130
2025-03-22_15-43-01,129
2025-03-22_15-46-02,130
2025-03-22_15-49-01,131
2025-03-22_15-52-01,135
2025-03-22_15-55-01,133
2025-03-22_15-58-01,135
2025-03-22_16-01-02,140
2025-03-22_16-04-01,140
2025-03-22_16-07-02,149
2025-03-22_16-10-01,152
2025-03-22_16-13-01,156
2025-03-22_16-16-01,155
2025-03-22_16-19-01,151
2025-03-22_16-22-01,149
2025-03-22_16-25-02,152
2025-03-22_16-28-02,152
2025-03-22_16-31-01,153
2025-03-22_16-34-02,149
2025-03-22_16-37-02,150
2025-03-22_16-40-01,141
2025-03-22_16-43-02,145
2025-03-22_16-46-01,146
2025-03-22_16-49-01,148
2025-03-22_16-52-02,149
2025-03-22_16-55-01,155
2025-03-22_16-58-02,165
2025-03-22_17-01-01,170
2025-03-22_17-04-01,169
2025-03-22_17-07-02,172
2025-03-22_17-10-01,171
2025-03-22_17-13-02,171
2025-03-22_17-16-02,170
2025-03-22_17-19-01,174
2025-03-22_17-22-01,168
2025-03-22_17-25-02,169
2025-03-22_17-28-01,166
2025-03-22_17-31-01,164
2025-03-22_17-34-01,160
2025-03-22_17-37-02,161
2025-03-22_17-40-01,167
2025-03-22_17-43-01,174
2025-03-22_17-46-01,173
2025-03-22_17-49-02,177
2025-03-22_17-52-01,176
2025-03-22_17-55-02,176
2025-03-22_17-58-02,175
2025-03-22_18-01-02,174
2025-03-22_18-04-02,177
2025-03-22_18-07-01,179
2025-03-22_18-10-01,172
2025-03-22_18-13-01,169
2025-03-22_18-16-01,170
2025-03-22_18-19-01,170
2025-03-22_18-22-01,170
2025-03-22_18-25-02,167
2025-03-22_18-28-01,169
2025-03-22_18-31-01,169
2025-03-22_18-34-02,168
2025-03-22_18-37-01,164
2025-03-22_18-40-01,160
2025-03-22_18-43-01,159
2025-03-22_18-46-01,155
2025-03-22_18-49-02,153
2025-03-22_18-52-02,154
2025-03-22_18-55-01,155
2025-03-22_18-58-01,156
2025-03-22_19-01-02,150
2025-03-22_19-04-01,147
2025-03-22_19-07-01,147
2025-03-22_19-10-01,149
2025-03-22_19-13-01,146
2025-03-22_19-16-02,148
2025-03-22_19-19-01,143
2025-03-22_19-22-01,137
2025-03-22_19-25-01,135
2025-03-22_19-28-01,132
2025-03-22_19-31-01,131
2025-03-22_19-34-02,122
2025-03-22_19-37-01,90
2025-03-22_19-40-02,86
2025-03-22_19-43-01,83
2025-03-22_19-46-01,77
2025-03-22_19-49-01,75
2025-03-22_19-52-02,70
2025-03-22_19-55-01,70
2025-03-22_19-58-01,69
2025-03-22_20-01-01,70
2025-03-22_20-04-01,71
2025-03-22_20-07-02,71
2025-03-22_20-10-01,69
2025-03-22_20-13-01,70
2025-03-22_20-16-02,65
2025-03-22_20-19-01,63
2025-03-22_20-22-02,62
2025-03-22_20-25-01,61
2025-03-22_20-28-01,58
2025-03-22_20-31-01,58
2025-03-22_20-34-01,55
2025-03-22_20-37-01,55
2025-03-22_20-40-01,49
2025-03-22_20-43-01,44
2025-03-22_20-46-01,44
2025-03-22_20-49-01,40
2025-03-22_20-52-02,40
2025-03-22_20-55-01,40
2025-03-22_20-58-02,39
2025-03-23_07-01-02,24
2025-03-23_07-04-01,30
2025-03-23_07-07-01,34
2025-03-23_07-10-02,38
2025-03-23_07-13-01,42
2025-03-23_07-16-01,45
2025-03-23_07-19-01,50
2025-03-23_07-22-01,53
2025-03-23_07-25-02,53
2025-03-23_07-28-01,53
2025-03-23_07-31-01,54
2025-03-23_07-34-02,56
2025-03-23_07-37-02,56
2025-03-23_07-40-01,59
2025-03-23_07-43-01,62
2025-03-23_07-46-02,64
2025-03-23_07-49-01,69
2025-03-23_07-52-01,67
2025-03-23_07-55-01,67
2025-03-23_07-58-02,71
2025-03-23_08-01-01,73
2025-03-23_08-04-01,78
2025-03-23_08-07-01,82
2025-03-23_08-10-02,89
2025-03-23_08-13-01,87
2025-03-23_08-16-02,96
2025-03-23_08-19-01,103
2025-03-23_08-22-02,112
2025-03-23_08-25-01,115
2025-03-23_08-28-01,121
2025-03-23_08-31-01,124
2025-03-23_08-34-01,128
2025-03-23_08-37-01,130
2025-03-23_08-40-02,128
2025-03-23_08-43-01,130
2025-03-23_08-46-02,130
2025-03-23_08-49-01,132
2025-03-23_08-52-01,133
2025-03-23_08-55-01,141
2025-03-23_08-58-01,140
2025-03-23_09-01-01,145
2025-03-23_09-04-02,145
2025-03-23_09-07-01,150
2025-03-23_09-10-01,154
2025-03-23_09-13-01,162
2025-03-23_09-16-01,159
2025-03-23_09-19-02,165
2025-03-23_09-22-01,166
2025-03-23_09-25-02,168
2025-03-23_09-28-01,173
2025-03-23_09-31-01,177
2025-03-23_09-34-01,178
2025-03-23_09-37-02,180
2025-03-23_09-40-01,181
2025-03-23_09-43-01,182
2025-03-23_09-46-01,184
2025-03-23_09-49-01,182
2025-03-23_09-52-01,184
2025-03-23_09-55-02,186
2025-03-23_09-58-01,192
2025-03-23_10-01-02,197
2025-03-23_10-04-02,200
2025-03-23_10-07-01,197
2025-03-23_10-10-02,195
2025-03-23_10-13-02,203
2025-03-23_10-16-01,205
2025-03-23_10-19-02,198
2025-03-23_10-22-01,201
2025-03-23_10-25-02,202
2025-03-23_10-28-01,199
2025-03-23_10-31-02,204
2025-03-23_10-34-01,201
2025-03-23_10-37-01,201
2025-03-23_10-40-02,210
2025-03-23_10-43-02,214
2025-03-23_10-46-02,208
2025-03-23_10-49-01,210
2025-03-23_10-52-01,207
2025-03-23_10-55-01,212
2025-03-23_10-58-02,214
2025-03-23_11-01-02,221
2025-03-23_11-04-01,217
2025-03-23_11-07-02,215
2025-03-23_11-10-01,214
2025-03-23_11-13-01,214
2025-03-23_11-16-01,210
2025-03-23_11-19-01,211
2025-03-23_11-22-02,205
2025-03-23_11-25-01,206
2025-03-23_11-28-01,203
2025-03-23_11-31-01,200
2025-03-23_11-34-01,199
2025-03-23_11-37-02,191
2025-03-23_11-40-01,192
2025-03-23_11-43-01,192
2025-03-23_11-46-02,192
2025-03-23_11-49-01,190
2025-03-23_11-52-01,192
2025-03-23_11-55-01,194
2025-03-23_11-58-01,189
2025-03-23_12-01-01,187
2025-03-23_12-04-01,185
2025-03-23_12-07-02,180
2025-03-23_12-10-01,177
2025-03-23_12-13-01,177
2025-03-23_12-16-01,174
2025-03-23_12-19-02,172
2025-03-23_12-22-01,176
2025-03-23_12-25-01,176
2025-03-23_12-28-01,177
2025-03-23_12-31-01,176
2025-03-23_12-34-02,176
2025-03-23_12-37-02,178
2025-03-23_12-40-01,180
2025-03-23_12-43-01,174
2025-03-23_12-46-01,165
2025-03-23_12-49-02,154
2025-03-23_12-52-02,157
2025-03-23_12-55-01,151
2025-03-23_12-58-02,151
2025-03-23_13-01-01,151
2025-03-23_13-04-01,148
2025-03-23_13-07-01,149
2025-03-23_13-10-02,150
2025-03-23_13-13-01,151
2025-03-23_13-16-02,148
2025-03-23_13-19-01,148
2025-03-23_13-22-01,150
2025-03-23_13-25-02,153
2025-03-23_13-28-01,153
2025-03-23_13-31-01,154
2025-03-23_13-34-01,156
2025-03-23_13-37-01,152
2025-03-23_13-40-02,151
2025-03-23_13-43-01,156
2025-03-23_13-46-02,157
2025-03-23_13-49-01,158
2025-03-23_13-52-02,159
2025-03-23_13-55-01,160
2025-03-23_13-58-02,156
2025-03-23_14-01-02,154
2025-03-23_14-04-01,155
2025-03-23_14-07-01,149
2025-03-23_14-10-01,137
2025-03-23_14-13-02,130
2025-03-23_14-16-02,131
2025-03-23_14-19-02,132
2025-03-23_14-22-01,134
2025-03-23_14-25-04,130
2025-03-23_14-28-01,123
2025-03-23_14-31-02,115
2025-03-23_14-34-01,112
2025-03-23_14-37-01,115
2025-03-23_14-40-01,120
2025-03-23_14-43-02,122
2025-03-23_14-46-01,121
2025-03-23_14-49-01,122
2025-03-23_14-52-01,117
2025-03-23_14-55-01,117
2025-03-23_14-58-02,119
2025-03-23_15-01-01,115
2025-03-23_15-04-02,110
2025-03-23_15-07-01,112
2025-03-23_15-10-01,110
2025-03-23_15-13-02,106
2025-03-23_15-16-02,109
2025-03-23_15-19-01,112
2025-03-23_15-22-02,117
2025-03-23_15-25-01,120
2025-03-23_15-28-02,119
2025-03-23_15-31-01,121
2025-03-23_15-34-02,122
2025-03-23_15-37-02,127
2025-03-23_15-40-01,129
2025-03-23_15-43-02,130
2025-03-23_15-46-01,130
2025-03-23_15-49-01,132
2025-03-23_15-52-01,134
2025-03-23_15-55-02,140
2025-03-23_15-58-01,142
2025-03-23_16-01-01,144
2025-03-23_16-04-01,145
2025-03-23_16-07-02,149
2025-03-23_16-10-01,143
2025-03-23_16-13-01,137
2025-03-23_16-16-01,137
2025-03-23_16-19-01,140
2025-03-23_16-22-02,140
2025-03-23_16-25-01,142
2025-03-23_16-28-02,143
2025-03-23_16-31-01,148
2025-03-23_16-34-01,142
2025-03-23_16-37-02,143
2025-03-23_16-40-01,139
2025-03-23_16-43-02,132
2025-03-23_16-46-01,121
2025-03-23_16-49-01,122
2025-03-23_16-52-02,120
2025-03-23_16-55-01,117
2025-03-23_16-58-01,114
2025-03-24_08-01-01,24
2025-03-24_08-04-02,51
2025-03-24_08-07-01,70
2025-03-24_08-10-02,73
2025-03-24_08-13-01,77
2025-03-24_08-16-01,81
2025-03-24_08-19-01,84
2025-03-24_08-22-02,88
2025-03-24_08-25-01,90
2025-03-24_08-28-02,91
2025-03-24_08-31-01,91
2025-03-24_08-34-01,92
2025-03-24_08-37-01,92
2025-03-24_08-40-01,96
2025-03-24_08-43-02,118
2025-03-24_08-46-01,122
2025-03-24_08-49-02,123
2025-03-24_08-52-01,122
2025-03-24_08-55-01,125
2025-03-24_08-58-01,128
2025-03-24_09-01-01,129
2025-03-24_09-04-01,130
2025-03-24_09-07-01,128
2025-03-24_09-10-01,127
2025-03-24_09-13-01,125
2025-03-24_09-16-02,125
2025-03-24_09-19-01,115
2025-03-24_09-22-02,103
2025-03-24_09-25-02,123
2025-03-24_09-28-01,117
2025-03-24_09-31-02,115
2025-03-24_09-34-01,111
2025-03-24_09-37-01,108
2025-03-24_09-40-01,105
2025-03-24_09-43-02,100
2025-03-24_09-46-02,99
2025-03-24_09-49-02,96
2025-03-24_09-52-02,93
2025-03-24_09-55-01,97
2025-03-24_09-58-02,95
2025-03-24_10-01-02,96
2025-03-24_10-04-02,99
2025-03-24_10-07-01,105
2025-03-24_10-10-02,109
2025-03-24_10-13-01,110
2025-03-24_10-16-01,111
2025-03-24_10-19-01,133
2025-03-24_10-22-02,134
2025-03-24_10-25-01,133
2025-03-24_10-28-02,133
2025-03-24_10-31-01,134
2025-03-24_10-34-01,136
2025-03-24_10-37-01,138
2025-03-24_10-40-01,136
2025-03-24_10-43-02,132
2025-03-24_10-46-01,132
2025-03-24_10-49-01,129
2025-03-24_10-52-01,131
2025-03-24_10-55-01,110
2025-03-24_10-58-01,111
2025-03-24_11-01-02,117
2025-03-24_11-04-01,122
2025-03-24_11-07-02,122
2025-03-24_11-10-01,123
2025-03-24_11-13-01,119
2025-03-24_11-16-01,114
2025-03-24_11-19-01,103
2025-03-24_11-22-02,100
2025-03-24_11-25-01,98
2025-03-24_11-28-01,96
2025-03-24_11-31-01,95
2025-03-24_11-34-02,97
2025-03-24_11-37-01,97
2025-03-24_11-40-02,98
2025-03-24_11-43-01,92
2025-03-24_11-46-01,89
2025-03-24_11-49-01,87
2025-03-24_11-52-01,85
2025-03-24_11-55-02,88
2025-03-24_11-58-01,90
2025-03-24_12-01-01,84
2025-03-24_12-04-01,69
2025-03-24_12-07-01,71
2025-03-24_12-10-02,68
2025-03-24_12-13-01,71
2025-03-24_12-16-01,71
2025-03-24_12-19-02,69
2025-03-24_12-22-01,67
2025-03-24_12-25-02,68
2025-03-24_12-28-01,69
2025-03-24_12-31-01,68
2025-03-24_12-34-01,69
2025-03-24_12-37-01,64
2025-03-24_12-40-01,70
2025-03-24_12-43-02,64
2025-03-24_12-46-02,66
2025-03-24_12-49-02,64
2025-03-24_12-52-01,67
2025-03-24_12-55-01,65
2025-03-24_12-58-01,66
2025-03-24_13-01-02,74
2025-03-24_13-04-01,85
2025-03-24_13-07-01,87
2025-03-24_13-10-02,87
2025-03-24_13-13-01,85
2025-03-24_13-16-02,85
2025-03-24_13-19-01,85
2025-03-24_13-22-02,84
2025-03-24_13-25-01,84
2025-03-24_13-28-02,83
2025-03-24_13-31-01,83
2025-03-24_13-34-01,80
2025-03-24_13-37-01,81
2025-03-24_13-40-02,81
2025-03-24_13-43-02,83
2025-03-24_13-46-01,82
2025-03-24_13-49-01,81
2025-03-24_13-52-01,81
2025-03-24_13-55-01,80
2025-03-24_13-58-02,80
2025-03-24_14-01-01,77
2025-03-24_14-04-01,75
2025-03-24_14-07-02,74
2025-03-24_14-10-01,70
2025-03-24_14-13-01,69
2025-03-24_14-16-02,67
2025-03-24_14-19-01,68
2025-03-24_14-22-02,63
2025-03-24_14-25-01,62
2025-03-24_14-28-02,66
2025-03-24_14-31-01,67
2025-03-24_14-34-01,68
2025-03-24_14-37-01,65
2025-03-24_14-40-02,63
2025-03-24_14-43-02,55
2025-03-24_14-46-01,56
2025-03-24_14-49-01,56
2025-03-24_14-52-01,55
2025-03-24_14-55-01,54
2025-03-24_14-58-01,50
2025-03-24_15-01-02,57
2025-03-24_15-04-01,57
2025-03-24_15-07-01,64
2025-03-24_15-10-02,78
2025-03-24_15-13-01,93
2025-03-24_15-16-01,99
2025-03-24_15-19-01,101
2025-03-24_15-22-01,112
2025-03-24_15-25-01,114
2025-03-24_15-28-02,116
2025-03-24_15-31-01,116
2025-03-24_15-34-01,117
2025-03-24_15-37-02,122
2025-03-24_15-40-01,124
2025-03-24_15-43-01,126
2025-03-24_15-46-01,127
2025-03-24_15-49-02,132
2025-03-24_15-52-01,144
2025-03-24_15-55-02,151
2025-03-24_15-58-01,156
2025-03-24_16-01-01,162
2025-03-24_16-04-02,170
2025-03-24_16-07-01,169
2025-03-24_16-10-02,172
2025-03-24_16-13-02,175
2025-03-24_16-16-02,179
2025-03-24_16-19-01,192
2025-03-24_16-22-02,196
2025-03-24_16-25-01,200
2025-03-24_16-28-01,202
2025-03-24_16-31-01,203
2025-03-24_16-34-01,206
2025-03-24_16-37-01,206
2025-03-24_16-40-01,202
2025-03-24_16-43-02,197
2025-03-24_16-46-02,190
2025-03-24_16-49-01,184
2025-03-24_16-52-01,182
2025-03-24_16-55-01,180
2025-03-24_16-58-02,182
2025-03-24_17-01-01,176
2025-03-24_17-04-01,171
2025-03-24_17-07-01,167
2025-03-24_17-10-01,160
2025-03-24_17-13-01,165
2025-03-24_17-16-01,163
2025-03-24_17-19-01,162
2025-03-24_17-22-01,164
2025-03-24_17-25-02,169
2025-03-24_17-28-01,170
2025-03-24_17-31-01,167
2025-03-24_17-34-02,166
2025-03-24_17-37-01,170
2025-03-24_17-40-02,167
2025-03-24_17-43-01,164
2025-03-24_17-46-01,167
2025-03-24_17-49-02,164
2025-03-24_17-52-01,165
2025-03-24_17-55-02,170
2025-03-24_17-58-01,163
2025-03-24_18-01-02,163
2025-03-24_18-04-01,155
2025-03-24_18-07-01,152
2025-03-24_18-10-02,154
2025-03-24_18-13-02,154
2025-03-24_18-16-01,144
2025-03-24_18-19-02,141
2025-03-24_18-22-01,138
2025-03-24_18-25-02,137
2025-03-24_18-28-01,143
2025-03-24_18-31-01,137
2025-03-24_18-34-01,139
2025-03-24_18-37-01,143
2025-03-24_18-40-01,147
2025-03-24_18-43-01,141
2025-03-24_18-46-01,143
2025-03-24_18-49-01,146
2025-03-24_18-52-02,146
2025-03-24_18-55-01,151
2025-03-24_18-58-01,157
2025-03-24_19-01-02,156
2025-03-24_19-04-01,162
2025-03-24_19-07-02,169
2025-03-24_19-10-01,168
2025-03-24_19-13-01,166
2025-03-24_19-16-01,164
2025-03-24_19-19-02,161
2025-03-24_19-22-02,154
2025-03-24_19-25-01,146
2025-03-24_19-28-02,146
2025-03-24_19-31-02,145
2025-03-24_19-34-01,147
2025-03-24_19-37-01,147
2025-03-24_19-40-02,144
2025-03-24_19-43-01,146
2025-03-24_19-46-01,141
2025-03-24_19-49-02,144
2025-03-24_19-52-01,143
2025-03-24_19-55-01,140
2025-03-24_19-58-02,135
2025-03-24_20-01-02,134
2025-03-24_20-04-01,130
2025-03-24_20-07-02,133
2025-03-24_20-10-01,138
2025-03-24_20-13-01,139
2025-03-24_20-16-02,130
2025-03-24_20-19-01,126
2025-03-24_20-22-01,119
2025-03-24_20-25-02,121
2025-03-24_20-28-01,118
2025-03-24_20-31-02,113
2025-03-24_20-34-01,104
2025-03-24_20-37-01,100
2025-03-24_20-40-01,99
2025-03-24_20-43-01,97
2025-03-24_20-46-01,95
2025-03-24_20-49-01,91
2025-03-24_20-52-01,86
2025-03-24_20-55-01,80
2025-03-24_20-58-01,79
2025-03-25_06-31-01,34
2025-03-25_06-34-02,53
2025-03-25_06-37-01,66
2025-03-25_06-40-01,73
2025-03-25_06-43-01,76
2025-03-25_06-46-02,81
2025-03-25_06-49-01,82
2025-03-25_06-52-02,85
2025-03-25_06-55-01,91
2025-03-25_06-58-01,97
2025-03-25_07-01-01,101
2025-03-25_07-04-01,106
2025-03-25_07-07-01,108
2025-03-25_07-10-01,106
2025-03-25_07-13-01,108
2025-03-25_07-16-01,108
2025-03-25_07-19-01,110
2025-03-25_07-22-01,110
2025-03-25_07-25-02,110
2025-03-25_07-28-01,114
2025-03-25_07-31-01,114
2025-03-25_07-34-01,111
2025-03-25_07-37-01,113
2025-03-25_07-40-01,106
2025-03-25_07-43-02,108
2025-03-25_07-46-01,106
2025-03-25_07-49-02,127
2025-03-25_07-52-01,140
2025-03-25_07-55-02,144
2025-03-25_07-58-01,140
2025-03-25_08-01-01,142
2025-03-25_08-04-02,140
2025-03-25_08-07-01,139
2025-03-25_08-10-01,136
2025-03-25_08-13-01,135
2025-03-25_08-16-01,138
2025-03-25_08-19-02,132
2025-03-25_08-22-01,127
2025-03-25_08-25-02,129
2025-03-25_08-28-01,126
2025-03-25_08-31-01,127
2025-03-25_08-34-02,126
2025-03-25_08-37-01,128
2025-03-25_08-40-02,129
2025-03-25_08-43-02,128
2025-03-25_08-46-01,123
2025-03-25_08-49-01,122
2025-03-25_08-52-01,121
2025-03-25_08-55-02,117
2025-03-25_08-58-01,116
2025-03-25_09-01-02,118
2025-03-25_09-04-02,117
2025-03-25_09-07-01,110
2025-03-25_09-10-01,99
2025-03-25_09-13-01,90
2025-03-25_09-16-01,83
2025-03-25_09-19-01,77
2025-03-25_09-22-01,80
2025-03-25_09-25-01,81
2025-03-25_09-28-02,82
2025-03-25_09-31-01,78
2025-03-25_09-34-02,79
2025-03-25_09-37-02,76
2025-03-25_09-40-02,77
2025-03-25_09-43-01,75
2025-03-25_09-46-02,73
2025-03-25_09-49-01,75
2025-03-25_09-52-01,75
2025-03-25_09-55-01,73
2025-03-25_09-58-01,74
2025-03-25_10-01-01,79
2025-03-25_10-04-01,80
2025-03-25_10-07-01,75
2025-03-25_10-10-02,71
2025-03-25_10-13-01,72
2025-03-25_10-16-01,72
2025-03-25_10-19-01,74
2025-03-25_10-22-02,77
2025-03-25_10-25-01,75
2025-03-25_10-28-01,74
2025-03-25_10-31-01,76
2025-03-25_10-34-01,78
2025-03-25_10-37-01,71
2025-03-25_10-40-02,70
2025-03-25_10-43-01,69
2025-03-25_10-46-01,70
2025-03-25_10-49-01,71
2025-03-25_10-52-01,72
2025-03-25_10-55-01,71
2025-03-25_10-58-02,72
2025-03-25_11-01-02,72
2025-03-25_11-04-01,71
2025-03-25_11-07-01,74
2025-03-25_11-10-01,72
2025-03-25_11-13-02,75
2025-03-25_11-16-01,73
2025-03-25_11-19-02,76
2025-03-25_11-22-02,74
2025-03-25_11-25-01,76
2025-03-25_11-28-01,79
2025-03-25_11-31-01,78
2025-03-25_11-34-01,78
2025-03-25_11-37-01,79
2025-03-25_11-40-02,79
2025-03-25_11-43-01,81
2025-03-25_11-46-01,80
2025-03-25_11-49-02,80
2025-03-25_11-52-02,79
2025-03-25_11-55-01,77
2025-03-25_11-58-01,77
2025-03-25_12-01-01,76
2025-03-25_12-04-01,78
2025-03-25_12-07-02,88
2025-03-25_12-10-02,89
2025-03-25_12-13-01,86
2025-03-25_12-16-01,85
2025-03-25_12-19-01,84
2025-03-25_12-22-02,85
2025-03-25_12-25-01,87
2025-03-25_12-28-02,94
2025-03-25_12-31-01,87
2025-03-25_12-34-01,84
2025-03-25_12-37-02,84
2025-03-25_12-40-01,80
2025-03-25_12-43-01,82
2025-03-25_12-46-01,83
2025-03-25_12-49-02,83
2025-03-25_12-52-01,83
2025-03-25_12-55-01,82
2025-03-25_12-58-01,83
2025-03-25_13-01-01,85
2025-03-25_13-04-02,85
2025-03-25_13-07-01,85
2025-03-25_13-10-02,89
2025-03-25_13-13-01,85
2025-03-25_13-16-01,84
2025-03-25_13-19-01,84
2025-03-25_13-22-02,83
2025-03-25_13-25-01,83
2025-03-25_13-28-01,79
2025-03-25_13-31-02,80
2025-03-25_13-34-01,78
2025-03-25_13-37-01,77
2025-03-25_13-40-01,78
2025-03-25_13-43-01,78
2025-03-25_13-46-02,75
2025-03-25_13-49-01,70
2025-03-25_13-52-01,70
2025-03-25_13-55-01,67
2025-03-25_13-58-01,65
2025-03-25_14-01-02,65
2025-03-25_14-04-01,66
2025-03-25_14-07-02,65
2025-03-25_14-10-01,65
2025-03-25_14-13-02,67
2025-03-25_14-16-01,64
2025-03-25_14-19-01,67
2025-03-25_14-22-02,65
2025-03-25_14-25-01,64
2025-03-25_14-28-01,64
2025-03-25_14-31-01,67
2025-03-25_14-34-01,67
2025-03-25_14-37-02,65
2025-03-25_14-40-02,69
2025-03-25_14-43-02,72
2025-03-25_14-46-01,88
2025-03-25_14-49-02,85
2025-03-25_14-52-01,86
2025-03-25_14-55-01,86
2025-03-25_14-58-01,92
2025-03-25_15-01-02,93
2025-03-25_15-04-02,98
2025-03-25_15-07-01,97
2025-03-25_15-10-02,102
2025-03-25_15-13-02,105
2025-03-25_15-16-01,109
2025-03-25_15-19-02,111
2025-03-25_15-22-02,122
2025-03-25_15-25-01,125
2025-03-25_15-28-02,130
2025-03-25_15-31-01,142
2025-03-25_15-34-01,146
2025-03-25_15-37-02,146
2025-03-25_15-40-01,150
2025-03-25_15-43-02,151
2025-03-25_15-46-02,157
2025-03-25_15-49-01,160
2025-03-25_15-52-01,165
2025-03-25_15-55-02,180
2025-03-25_15-58-01,190
2025-03-25_16-01-01,200
2025-03-25_16-04-01,209
2025-03-25_16-07-02,207
2025-03-25_16-10-01,210
2025-03-25_16-13-01,215
2025-03-25_16-16-01,217
2025-03-25_16-19-02,218
2025-03-25_16-22-01,217
2025-03-25_16-25-02,212
2025-03-25_16-28-01,210
2025-03-25_16-31-01,214
2025-03-25_16-34-01,216
2025-03-25_16-37-01,217
2025-03-25_16-40-01,219
2025-03-25_16-43-01,212
2025-03-25_16-46-01,215
2025-03-25_16-49-02,213
2025-03-25_16-52-02,227
2025-03-25_16-55-01,234
2025-03-25_16-58-02,232
2025-03-25_17-01-01,239
2025-03-25_17-04-01,242
2025-03-25_17-07-02,246
2025-03-25_17-10-01,246
2025-03-25_17-13-01,245
2025-03-25_17-16-01,240
2025-03-25_17-19-02,232
2025-03-25_17-22-01,233
2025-03-25_17-25-02,228
2025-03-25_17-28-01,221
2025-03-25_17-31-02,220
2025-03-25_17-34-01,218
2025-03-25_17-37-02,213
2025-03-25_17-40-01,217
2025-03-25_17-43-02,219
2025-03-25_17-46-02,218
2025-03-25_17-49-01,219
2025-03-25_17-52-01,217
2025-03-25_17-55-02,215
2025-03-25_17-58-02,212
2025-03-25_18-01-02,211
2025-03-25_18-04-01,211
2025-03-25_18-07-02,216
2025-03-25_18-10-01,216
2025-03-25_18-13-01,214
2025-03-25_18-16-01,210
2025-03-25_18-19-02,200
2025-03-25_18-22-02,195
2025-03-25_18-25-01,189
2025-03-25_18-28-02,185
2025-03-25_18-31-01,183
2025-03-25_18-34-01,188
2025-03-25_18-37-01,180
2025-03-25_18-40-02,178
2025-03-25_18-43-01,175
2025-03-25_18-46-01,177
2025-03-25_18-49-02,179
2025-03-25_18-52-01,180
2025-03-25_18-55-01,184
2025-03-25_18-58-01,183
2025-03-25_19-01-01,176
2025-03-25_19-04-01,179
2025-03-25_19-07-01,174
2025-03-25_19-10-01,171
2025-03-25_19-13-01,167
2025-03-25_19-16-01,163
2025-03-25_19-19-02,158
2025-03-25_19-22-02,153
2025-03-25_19-25-01,149
2025-03-25_19-28-01,146
2025-03-25_19-31-01,142
2025-03-25_19-34-02,140
2025-03-25_19-37-01,140
2025-03-25_19-40-02,137
2025-03-25_19-43-01,139
2025-03-25_19-46-01,141
2025-03-25_19-49-01,143
2025-03-25_19-52-01,142
2025-03-25_19-55-01,143
2025-03-25_19-58-02,144
2025-03-25_20-01-01,146
2025-03-25_20-04-01,146
2025-03-25_20-07-02,145
2025-03-25_20-10-01,142
2025-03-25_20-13-01,139
2025-03-25_20-16-02,138
2025-03-25_20-19-01,129
2025-03-25_20-22-01,119
2025-03-25_20-25-02,120
2025-03-25_20-28-01,117
2025-03-25_20-31-01,109
2025-03-25_20-34-02,103
2025-03-25_20-37-01,94
2025-03-25_20-40-01,88
2025-03-25_20-43-01,84
2025-03-25_20-46-01,82
2025-03-25_20-49-02,82
2025-03-25_20-52-01,76
2025-03-25_20-55-01,67
2025-03-25_20-58-02,66
2025-03-26_08-01-01,34
2025-03-26_08-04-01,45
2025-03-26_08-07-01,50
2025-03-26_08-10-02,52
2025-03-26_08-13-01,56
2025-03-26_08-16-01,60
2025-03-26_08-19-01,62
2025-03-26_08-22-01,65
2025-03-26_08-25-02,70
2025-03-26_08-28-01,70
2025-03-26_08-31-01,73
2025-03-26_08-34-01,70
2025-03-26_08-37-01,72
2025-03-26_08-40-02,75
2025-03-26_08-43-01,72
2025-03-26_08-46-02,72
2025-03-26_08-49-01,77
2025-03-26_08-52-01,76
2025-03-26_08-55-02,78
2025-03-26_08-58-02,80
2025-03-26_09-01-01,79
2025-03-26_09-04-01,82
2025-03-26_09-07-01,82
2025-03-26_09-10-02,89
2025-03-26_09-13-01,91
2025-03-26_09-16-01,92
2025-03-26_09-19-02,88
2025-03-26_09-22-01,83
2025-03-26_09-25-03,80
2025-03-26_09-28-01,80
2025-03-26_09-31-02,77
2025-03-26_09-34-01,78
2025-03-26_09-37-01,75
2025-03-26_09-40-02,76
2025-03-26_09-43-01,72
2025-03-26_09-46-02,73
2025-03-26_09-49-01,73
2025-03-26_09-52-01,72
2025-03-26_09-55-02,77
2025-03-26_09-58-01,78
2025-03-26_10-01-01,77
2025-03-26_10-04-02,80
2025-03-26_10-07-01,80
2025-03-26_10-10-02,80
2025-03-26_10-13-02,82
2025-03-26_10-16-01,82
2025-03-26_10-19-01,82
2025-03-26_10-22-01,86
2025-03-26_10-25-01,88
2025-03-26_10-28-02,86
2025-03-26_10-31-02,84
2025-03-26_10-34-01,85
2025-03-26_10-37-02,85
2025-03-26_10-40-01,86
2025-03-26_10-43-01,83
2025-03-26_10-46-01,80
2025-03-26_10-49-01,81
2025-03-26_10-52-02,83
2025-03-26_10-55-01,81
2025-03-26_10-58-02,81
2025-03-26_11-01-01,82
2025-03-26_11-04-01,77
2025-03-26_11-07-01,78
2025-03-26_11-10-01,76
2025-03-26_11-13-01,76
2025-03-26_11-16-02,78
2025-03-26_11-19-01,75
2025-03-26_11-22-02,74
2025-03-26_11-25-01,75
2025-03-26_11-28-01,73
2025-03-26_11-31-01,69
2025-03-26_11-34-02,66
2025-03-26_11-37-01,66
2025-03-26_11-40-02,68
2025-03-26_11-43-01,74
2025-03-26_11-46-02,76
2025-03-26_11-49-01,75
2025-03-26_11-52-01,75
2025-03-26_11-55-01,77
2025-03-26_11-58-01,79
2025-03-26_12-01-02,78
2025-03-26_12-04-02,77
2025-03-26_12-07-01,76
2025-03-26_12-10-01,76
2025-03-26_12-13-01,78
2025-03-26_12-16-02,78
2025-03-26_12-19-01,79
2025-03-26_12-22-02,76
2025-03-26_12-25-01,79
2025-03-26_12-28-01,77
2025-03-26_12-31-02,78
2025-03-26_12-34-01,77
2025-03-26_12-37-01,81
2025-03-26_12-40-02,76
2025-03-26_12-43-01,76
2025-03-26_12-46-02,75
2025-03-26_12-49-01,71
2025-03-26_12-52-01,69
2025-03-26_12-55-01,69
2025-03-26_12-58-01,67
2025-03-26_13-01-01,66
2025-03-26_13-04-01,66
2025-03-26_13-07-01,64
2025-03-26_13-10-02,63
2025-03-26_13-13-01,58
2025-03-26_13-16-02,56
2025-03-26_13-19-01,54
2025-03-26_13-22-01,54
2025-03-26_13-25-02,54
2025-03-26_13-28-01,53
2025-03-26_13-31-02,53
2025-03-26_13-34-01,54
2025-03-26_13-37-01,53
2025-03-26_13-40-02,55
2025-03-26_13-43-02,56
2025-03-26_13-46-02,57
2025-03-26_13-49-01,61
2025-03-26_13-52-02,65
2025-03-26_13-55-01,66
2025-03-26_13-58-01,65
2025-03-26_14-01-02,63
2025-03-26_14-04-01,64
2025-03-26_14-07-02,62
2025-03-26_14-10-01,61
2025-03-26_14-13-01,64
2025-03-26_14-16-01,66
2025-03-26_14-19-02,71
2025-03-26_14-22-02,77
2025-03-26_14-25-01,77
2025-03-26_14-28-02,79
2025-03-26_14-31-02,84
2025-03-26_14-34-02,90
2025-03-26_14-37-01,93
2025-03-26_14-40-01,94
2025-03-26_14-43-02,99
2025-03-26_14-46-01,101
2025-03-26_14-49-02,110
2025-03-26_14-52-02,111
2025-03-26_14-55-01,111
2025-03-26_14-58-01,109
2025-03-26_15-01-01,111
2025-03-26_15-04-01,115
2025-03-26_15-07-02,153
2025-03-26_15-10-01,155
2025-03-26_15-13-02,156
2025-03-26_15-16-02,158
2025-03-26_15-19-01,157
2025-03-26_15-22-01,166
2025-03-26_15-25-01,174
2025-03-26_15-28-01,172
2025-03-26_15-31-02,173
2025-03-26_15-34-01,172
2025-03-26_15-37-01,171
2025-03-26_15-40-01,170
2025-03-26_15-43-02,166
2025-03-26_15-46-02,168
2025-03-26_15-49-01,172
2025-03-26_15-52-01,171
2025-03-26_15-55-01,167
2025-03-26_15-58-02,167
2025-03-26_16-01-01,172
2025-03-26_16-04-01,172
2025-03-26_16-07-02,175
2025-03-26_16-10-02,176
2025-03-26_16-13-01,171
2025-03-26_16-16-01,173
2025-03-26_16-19-01,172
2025-03-26_16-22-01,166
2025-03-26_16-25-01,165
2025-03-26_16-28-02,164
2025-03-26_16-31-02,165
2025-03-26_16-34-02,161
2025-03-26_16-37-07,152
2025-03-26_16-40-01,147
2025-03-26_16-43-01,141
2025-03-26_16-46-01,123
2025-03-26_16-49-02,116
2025-03-26_16-52-02,106
2025-03-26_16-55-02,86
2025-03-26_16-58-02,85
2025-03-27_06-31-01,21
2025-03-27_06-34-02,39
2025-03-27_06-37-02,44
2025-03-27_06-40-01,49
2025-03-27_06-43-01,50
2025-03-27_06-46-01,52
2025-03-27_06-49-01,55
2025-03-27_06-52-01,60
2025-03-27_06-55-01,63
2025-03-27_06-58-01,65
2025-03-27_07-01-01,68
2025-03-27_07-04-01,69
2025-03-27_07-07-01,76
2025-03-27_07-10-01,81
2025-03-27_07-13-01,86
2025-03-27_07-16-01,85
2025-03-27_07-19-01,88
2025-03-27_07-22-01,91
2025-03-27_07-25-02,90
2025-03-27_07-28-01,88
2025-03-27_07-31-01,88
2025-03-27_07-34-01,86
2025-03-27_07-37-01,89
2025-03-27_07-40-01,88
2025-03-27_07-43-01,88
2025-03-27_07-46-02,85
2025-03-27_07-49-01,83
2025-03-27_07-52-01,115
2025-03-27_07-58-01,132
2025-03-27_08-01-02,130
2025-03-27_08-04-01,136
2025-03-27_08-07-02,139
2025-03-27_08-10-02,145
2025-03-27_08-13-01,147
2025-03-27_08-16-02,147
2025-03-27_08-19-01,144
2025-03-27_08-22-01,143
2025-03-27_08-25-01,145
2025-03-27_08-28-02,145
2025-03-27_08-31-01,146
2025-03-27_08-34-02,143
2025-03-27_08-37-01,146
2025-03-27_08-40-01,144
2025-03-27_08-43-03,135
2025-03-27_08-46-02,131
2025-03-27_08-49-01,134
2025-03-27_08-52-02,133
2025-03-27_08-55-02,133
2025-03-27_08-58-02,135
2025-03-27_09-01-01,138
2025-03-27_09-04-02,130
2025-03-27_09-07-01,124
2025-03-27_09-10-02,102
2025-03-27_09-13-01,92
2025-03-27_09-16-01,83
2025-03-27_09-19-01,85
2025-03-27_09-22-01,77
2025-03-27_09-25-01,75
2025-03-27_09-28-01,77
2025-03-27_09-31-01,74
2025-03-27_09-34-01,68
2025-03-27_09-37-01,66
2025-03-27_09-40-01,69
2025-03-27_09-43-02,68
2025-03-27_09-46-01,71
2025-03-27_09-49-02,72
2025-03-27_09-52-02,71
2025-03-27_09-55-01,71
2025-03-27_09-58-02,72
2025-03-27_10-01-01,73
2025-03-27_10-04-02,75
2025-03-27_10-07-01,80
2025-03-27_10-10-01,80
2025-03-27_10-13-02,80
2025-03-27_10-16-02,84
2025-03-27_10-19-01,86
2025-03-27_10-22-02,83
2025-03-27_10-25-01,84
2025-03-27_10-28-01,83
2025-03-27_10-31-02,81
2025-03-27_10-34-01,84
2025-03-27_10-37-02,85
2025-03-27_10-40-01,85
2025-03-27_10-43-01,86
2025-03-27_10-46-01,88
2025-03-27_10-49-01,87
2025-03-27_10-52-02,82
2025-03-27_10-55-01,79
2025-03-27_10-58-01,79
2025-03-27_11-01-03,79
2025-03-27_11-04-01,79
2025-03-27_11-07-03,77
2025-03-27_11-10-01,78
2025-03-27_11-13-02,78
2025-03-27_11-16-01,76
2025-03-27_11-19-02,76
2025-03-27_11-22-02,74
2025-03-27_11-25-01,74
2025-03-27_11-28-02,67
2025-03-27_11-31-01,72
2025-03-27_11-34-02,70
2025-03-27_11-37-01,69
2025-03-27_11-40-02,67
2025-03-27_11-43-01,64
2025-03-27_11-46-01,62
2025-03-27_11-49-02,61
2025-03-27_11-52-01,61
2025-03-27_11-55-01,65
2025-03-27_11-58-02,66
2025-03-27_12-01-01,69
2025-03-27_12-04-02,68
2025-03-27_12-07-02,64
2025-03-27_12-10-01,64
2025-03-27_12-13-01,64
2025-03-27_12-16-02,65
2025-03-27_12-19-01,67
2025-03-27_12-22-02,66
2025-03-27_12-25-01,65
2025-03-27_12-28-02,62
2025-03-27_12-31-01,64
2025-03-27_12-34-02,65
2025-03-27_12-37-01,65
2025-03-27_12-40-01,65
2025-03-27_12-43-01,68
2025-03-27_12-46-01,68
2025-03-27_12-49-02,69
2025-03-27_12-52-01,69
2025-03-27_12-55-01,68
2025-03-27_12-58-01,69
2025-03-27_13-01-01,70
2025-03-27_13-04-01,70
2025-03-27_13-07-01,70
2025-03-27_13-10-01,70
2025-03-27_13-13-01,66
2025-03-27_13-16-01,67
2025-03-27_13-19-02,69
2025-03-27_13-22-01,67
2025-03-27_13-25-02,69
2025-03-27_13-28-01,69
2025-03-27_13-31-01,67
2025-03-27_13-34-01,63
2025-03-27_13-37-01,61
2025-03-27_13-40-02,56
2025-03-27_13-43-01,52
2025-03-27_13-46-02,52
2025-03-27_13-49-01,54
2025-03-27_13-52-01,55
2025-03-27_13-55-01,57
2025-03-27_13-58-02,62
2025-03-27_14-01-01,64
2025-03-27_14-04-01,57
2025-03-27_14-07-01,58
2025-03-27_14-10-02,58
2025-03-27_14-13-02,59
2025-03-27_14-16-01,57
2025-03-27_14-19-01,56
2025-03-27_14-22-02,57
2025-03-27_14-25-01,56
2025-03-27_14-28-01,59
2025-03-27_14-31-01,60
2025-03-27_14-34-02,63
2025-03-27_14-37-01,65
2025-03-27_14-40-01,63
2025-03-27_14-43-01,64
2025-03-27_14-46-02,65
2025-03-27_14-49-01,67
2025-03-27_14-52-01,67
2025-03-27_14-55-01,68
2025-03-27_14-58-01,75
2025-03-27_15-01-01,71
2025-03-27_15-04-01,76
2025-03-27_15-07-01,89
2025-03-27_15-10-01,88
2025-03-27_15-13-01,100
2025-03-27_15-16-02,103
2025-03-27_15-19-01,104
2025-03-27_15-22-02,111
2025-03-27_15-25-01,111
2025-03-27_15-28-02,114
2025-03-27_15-31-01,115
2025-03-27_15-34-01,124
2025-03-27_15-37-02,121
2025-03-27_15-40-01,125
2025-03-27_15-43-01,123
2025-03-27_15-46-01,125
2025-03-27_15-49-02,126
2025-03-27_15-52-02,130
2025-03-27_15-55-01,139
2025-03-27_15-58-01,148
2025-03-27_16-01-01,143
2025-03-27_16-04-01,145
2025-03-27_16-07-01,150
2025-03-27_16-10-01,149
2025-03-27_16-13-01,153
2025-03-27_16-16-01,160
2025-03-27_16-19-01,157
2025-03-27_16-22-01,156
2025-03-27_16-25-01,153
2025-03-27_16-28-02,161
2025-03-27_16-31-01,165
2025-03-27_16-34-02,167
2025-03-27_16-37-02,173
2025-03-27_16-40-01,174
2025-03-27_16-43-02,177
2025-03-27_16-46-01,183
2025-03-27_16-49-01,186
2025-03-27_16-52-02,192
2025-03-27_16-55-01,192
2025-03-27_16-58-02,194
2025-03-27_17-01-01,198
2025-03-27_17-04-01,203
2025-03-27_17-07-01,202
2025-03-27_17-10-02,198
2025-03-27_17-13-01,198
2025-03-27_17-16-01,194
2025-03-27_17-19-02,188
2025-03-27_17-22-01,185
2025-03-27_17-25-01,177
2025-03-27_17-28-01,175
2025-03-27_17-31-01,172
2025-03-27_17-34-01,162
2025-03-27_17-37-02,162
2025-03-27_17-40-01,163
2025-03-27_17-43-02,161
2025-03-27_17-46-02,164
2025-03-27_17-49-01,169
2025-03-27_17-52-01,163
2025-03-27_17-55-01,163
2025-03-27_17-58-02,161
2025-03-27_18-01-02,162
2025-03-27_18-04-01,162
2025-03-27_18-07-01,161
2025-03-27_18-10-02,152
2025-03-27_18-13-01,148
2025-03-27_18-16-01,139
2025-03-27_18-19-02,137
2025-03-27_18-22-01,131
2025-03-27_18-25-01,129
2025-03-27_18-28-01,131
2025-03-27_18-31-01,130
2025-03-27_18-34-02,135
2025-03-27_18-37-01,136
2025-03-27_18-40-02,137
2025-03-27_18-43-01,138
2025-03-27_18-46-02,144
2025-03-27_18-49-01,143
2025-03-27_18-52-01,139
2025-03-27_18-55-01,139
2025-03-27_18-58-01,138
2025-03-27_19-01-02,135
2025-03-27_19-04-01,131
2025-03-27_19-07-01,129
2025-03-27_19-10-02,130
2025-03-27_19-13-02,133
2025-03-27_19-16-02,132
2025-03-27_19-19-01,131
2025-03-27_19-22-01,129
2025-03-27_19-25-01,129
2025-03-27_19-28-02,125
2025-03-27_19-31-01,124
2025-03-27_19-34-01,125
2025-03-27_19-37-02,135
2025-03-27_19-40-02,135
2025-03-27_19-43-01,132
2025-03-27_19-46-01,137
2025-03-27_19-49-01,143
2025-03-27_19-52-01,141
2025-03-27_19-55-01,145
2025-03-27_19-58-02,145
2025-03-27_20-01-01,141
2025-03-27_20-04-02,140
2025-03-27_20-07-01,140
2025-03-27_20-10-01,139
2025-03-27_20-13-02,140
2025-03-27_20-16-02,137
2025-03-27_20-19-01,132
2025-03-27_20-22-01,127
2025-03-27_20-25-01,125
2025-03-27_20-28-01,120
2025-03-27_20-31-02,111
2025-03-27_20-34-01,109
2025-03-27_20-37-02,106
2025-03-27_20-40-01,105
2025-03-27_20-43-01,99
2025-03-27_20-46-02,94
2025-03-27_20-49-01,90
2025-03-27_20-52-01,85
2025-03-27_20-55-01,83
2025-03-27_20-58-01,78
2025-03-28_08-01-01,18
2025-03-28_08-04-02,38
2025-03-28_08-07-01,40
2025-03-28_08-10-02,43
2025-03-28_08-13-01,53
2025-03-28_08-16-01,59
2025-03-28_08-19-01,66
2025-03-28_08-22-02,72
2025-03-28_08-25-01,74
2025-03-28_08-28-01,76
2025-03-28_08-31-02,80
2025-03-28_08-34-01,84
2025-03-28_08-37-02,89
2025-03-28_08-40-01,90
2025-03-28_08-43-02,93
2025-03-28_08-46-02,96
2025-03-28_08-49-01,95
2025-03-28_08-52-01,95
2025-03-28_08-55-01,96
2025-03-28_08-58-02,98
2025-03-28_09-01-01,98
2025-03-28_09-04-02,101
2025-03-28_09-07-02,97
2025-03-28_09-10-01,101
2025-03-28_09-13-01,101
2025-03-28_09-16-01,99
2025-03-28_09-19-01,100
2025-03-28_09-22-01,99
2025-03-28_09-25-02,98
2025-03-28_09-28-01,96
2025-03-28_09-31-02,96
2025-03-28_09-34-02,92
2025-03-28_09-37-02,88
2025-03-28_09-40-01,111
2025-03-28_09-43-01,111
2025-03-28_09-46-01,110
2025-03-28_09-49-01,108
2025-03-28_09-52-01,109
2025-03-28_09-55-02,108
2025-03-28_09-58-01,106
2025-03-28_10-01-01,104
2025-03-28_10-04-01,104
2025-03-28_10-07-02,103
2025-03-28_10-10-02,105
2025-03-28_10-13-01,100
2025-03-28_10-16-01,97
2025-03-28_10-19-01,99
2025-03-28_10-22-02,100
2025-03-28_10-25-01,101
2025-03-28_10-28-01,104
2025-03-28_10-31-01,107
2025-03-28_10-34-02,108
2025-03-28_10-37-01,106
2025-03-28_10-40-02,104
2025-03-28_10-43-01,107
2025-03-28_10-46-01,106
2025-03-28_10-49-02,107
2025-03-28_10-52-02,113
2025-03-28_10-55-01,111
2025-03-28_10-58-01,111
2025-03-28_11-01-02,110
2025-03-28_11-04-01,114
2025-03-28_11-07-02,114
2025-03-28_11-10-02,113
2025-03-28_11-13-01,110
2025-03-28_11-16-02,104
2025-03-28_11-19-01,91
2025-03-28_11-22-01,79
2025-03-28_11-25-02,79
2025-03-28_11-28-02,78
2025-03-28_11-31-01,77
2025-03-28_11-34-02,75
2025-03-28_11-37-02,77
2025-03-28_11-40-01,76
2025-03-28_11-43-01,76
2025-03-28_11-46-01,76
2025-03-28_11-49-02,74
2025-03-28_11-52-01,73
2025-03-28_11-55-01,72
2025-03-28_11-58-01,72
2025-03-28_12-01-01,73
2025-03-28_12-04-02,74
2025-03-28_12-07-01,74
2025-03-28_12-10-01,74
2025-03-28_12-13-02,71
2025-03-28_12-16-01,69
2025-03-28_12-19-01,67
2025-03-28_12-22-02,64
2025-03-28_12-25-01,66
2025-03-28_12-28-02,68
2025-03-28_12-31-01,68
2025-03-28_12-34-02,71
2025-03-28_12-37-01,73
2025-03-28_12-40-01,74
2025-03-28_12-43-01,74
2025-03-28_12-46-02,70
2025-03-28_12-49-02,71
2025-03-28_12-52-01,72
2025-03-28_12-55-01,73
2025-03-28_12-58-01,75
2025-03-28_13-01-01,77
2025-03-28_13-04-02,78
2025-03-28_13-07-01,74
2025-03-28_13-10-01,73
2025-03-28_13-13-02,72
2025-03-28_13-16-02,71
2025-03-28_13-19-01,70
2025-03-28_13-22-02,69
2025-03-28_13-25-01,69
2025-03-28_13-28-02,68
2025-03-28_13-31-01,85
2025-03-28_13-34-01,87
2025-03-28_13-37-01,87
2025-03-28_13-40-02,89
2025-03-28_13-43-01,90
2025-03-28_13-46-01,92
2025-03-28_13-49-02,95
2025-03-28_13-52-01,96
2025-03-28_13-55-02,101
2025-03-28_13-58-02,98
2025-03-28_14-01-02,100
2025-03-28_14-04-01,105
2025-03-28_14-07-01,106
2025-03-28_14-10-02,108
2025-03-28_14-13-01,109
2025-03-28_14-16-01,111
2025-03-28_14-19-01,114
2025-03-28_14-22-02,114
2025-03-28_14-25-02,113
2025-03-28_14-28-01,115
2025-03-28_14-31-01,115
2025-03-28_14-34-01,119
2025-03-28_14-37-02,126
2025-03-28_14-40-01,133
2025-03-28_14-43-01,142
2025-03-28_14-46-01,140
2025-03-28_14-49-02,146
2025-03-28_14-52-01,152
2025-03-28_14-55-01,157
2025-03-28_14-58-02,163
2025-03-28_15-01-01,168
2025-03-28_15-04-01,179
2025-03-28_15-07-01,180
2025-03-28_15-10-02,179
2025-03-28_15-13-01,186
2025-03-28_15-16-01,193
2025-03-28_15-19-01,199
2025-03-28_15-22-01,207
2025-03-28_15-25-02,212
2025-03-28_15-28-01,193
2025-03-28_15-31-01,193
2025-03-28_15-34-01,191
2025-03-28_15-37-01,190
2025-03-28_15-40-01,193
2025-03-28_15-43-01,195
2025-03-28_15-46-01,195
2025-03-28_15-49-02,196
2025-03-28_15-52-01,198
2025-03-28_15-55-01,206
2025-03-28_15-58-02,205
2025-03-28_16-01-02,210
2025-03-28_16-04-01,210
2025-03-28_16-07-02,212
2025-03-28_16-10-01,213
2025-03-28_16-13-01,220
2025-03-28_16-16-01,223
2025-03-28_16-19-01,229
2025-03-28_16-22-01,227
2025-03-28_16-25-02,226
2025-03-28_16-28-01,225
2025-03-28_16-31-02,225
2025-03-28_16-34-01,224
2025-03-28_16-37-01,228
2025-03-28_16-40-02,231
2025-03-28_16-43-01,232
2025-03-28_16-46-02,234
2025-03-28_16-49-01,241
2025-03-28_16-52-01,244
2025-03-28_16-55-01,255
2025-03-28_16-58-02,258
2025-03-28_17-01-02,259
2025-03-28_17-04-01,256
2025-03-28_17-07-02,252
2025-03-28_17-10-01,250
2025-03-28_17-13-01,237
2025-03-28_17-16-01,231
2025-03-28_17-19-01,230
2025-03-28_17-22-01,230
2025-03-28_17-25-02,229
2025-03-28_17-28-01,224
2025-03-28_17-31-01,215
2025-03-28_17-34-01,211
2025-03-28_17-37-01,205
2025-03-28_17-40-02,207
2025-03-28_17-43-01,200
2025-03-28_17-46-01,205
2025-03-28_17-49-01,206
2025-03-28_17-52-01,207
2025-03-28_17-55-01,210
2025-03-28_17-58-01,205
2025-03-28_18-01-02,207
2025-03-28_18-04-01,203
2025-03-28_18-07-01,199
2025-03-28_18-10-02,198
2025-03-28_18-13-01,188
2025-03-28_18-16-02,184
2025-03-28_18-19-01,184
2025-03-28_18-22-01,180
2025-03-28_18-25-01,179
2025-03-28_18-28-02,178
2025-03-28_18-31-01,170
2025-03-28_18-34-01,174
2025-03-28_18-37-02,171
2025-03-28_18-40-01,165
2025-03-28_18-43-01,167
2025-03-28_18-46-01,164
2025-03-28_18-49-01,161
2025-03-28_18-52-01,164
2025-03-28_18-55-01,158
2025-03-28_18-58-02,160
2025-03-28_19-01-01,158
2025-03-28_19-04-02,158
2025-03-28_19-07-02,157
2025-03-28_19-10-01,156
2025-03-28_19-13-01,157
2025-03-28_19-16-01,152
2025-03-28_19-19-01,144
2025-03-28_19-22-01,140
2025-03-28_19-25-01,137
2025-03-28_19-28-01,132
2025-03-28_19-31-02,128
2025-03-28_19-34-01,126
2025-03-28_19-37-02,125
2025-03-28_19-40-01,127
2025-03-28_19-43-03,125
